flr,attacker_idxs,pred_idxs_1,pred_idxs_2,true_positive_1,true_positive_2,missed_idxs_1,missed_idxs_2,freq,t_score,num_dps,saved_pairwise_sim
1,"[0, 4, 7]","[0, 1, 4, 5, 7]",[0 1 4 7],1.0,1.0,[],[],"[1, 1, 1, 1, 1, 1, 1, 1, 1, 1]","[[0.95259135]
 [0.28633531]
 [0.        ]
 [0.15821288]
 [1.        ]
 [0.36356342]
 [0.10419213]
 [0.97084029]
 [0.15767732]
 [0.13380983]]","[600, 398, 169, 285, 600, 321, 201, 600, 313, 285]","[[1.00000000e+00 7.04567887e-01 2.47312836e-01 1.86478834e-01
  8.40986076e-01 6.13572328e-04 5.61256846e-01 8.23123817e-01
  6.04352816e-02 1.06410770e-01 1.00000000e+00 7.90702961e-01
  1.44599586e-01 2.05840095e-01 9.90806251e-01 2.11793234e-02
  4.35782875e-01 9.84466397e-01 9.28085840e-02 5.86143360e-02]
 [7.04386506e-01 1.00000000e+00 2.13011989e-01 2.54551024e-01
  6.41612873e-01 0.00000000e+00 5.60518391e-01 6.12439523e-01
  8.49315656e-02 2.76461684e-01 8.57890024e-01 1.00000000e+00
  5.13914294e-01 5.33612622e-01 8.28511566e-01 3.35393451e-01
  6.65263853e-01 8.51009755e-01 4.68670472e-01 4.98575246e-01]
 [2.50228222e-01 2.16541237e-01 1.00000000e+00 7.64870191e-01
  6.05165937e-02 4.92010691e-01 8.21078241e-01 2.67206302e-01
  6.86758845e-01 1.72350318e-01 5.53639360e-01 6.26433603e-01
  1.00000000e+00 8.38900964e-01 4.89236834e-01 5.87458486e-01
  9.34323576e-01 5.80101653e-01 7.63100267e-01 4.18264357e-01]
 [2.98599515e-01 3.57684245e-01 7.96487862e-01 1.00000000e+00
  1.86847981e-01 2.33071496e-01 6.31669836e-01 4.31458821e-01
  5.79188702e-01 1.73570142e-01 4.01876124e-01 4.82669017e-01
  7.67480335e-01 1.00000000e+00 3.33940848e-01 2.62798319e-01
  6.55949222e-01 4.49945646e-01 6.04694505e-01 1.95072812e-01]
 [8.31398874e-01 6.20238211e-01 0.00000000e+00 0.00000000e+00
  1.00000000e+00 1.97252386e-01 2.87841767e-01 8.71054377e-01
  0.00000000e+00 2.84866503e-01 9.90607321e-01 7.41969991e-01
  0.00000000e+00 9.65034829e-02 1.00000000e+00 0.00000000e+00
  3.29668304e-01 9.75225194e-01 0.00000000e+00 0.00000000e+00]
 [0.00000000e+00 0.00000000e+00 4.89722385e-01 1.09929889e-01
  2.42434636e-01 1.00000000e+00 2.03953576e-01 1.35002354e-01
  7.92420429e-01 6.76607384e-01 0.00000000e+00 0.00000000e+00
  1.92303710e-01 0.00000000e+00 0.00000000e+00 1.00000000e+00
  0.00000000e+00 0.00000000e+00 7.38125424e-01 5.18306233e-01]
 [5.67840071e-01 5.67378304e-01 8.23077641e-01 5.79201461e-01
  3.38415702e-01 2.16379131e-01 1.00000000e+00 4.71492344e-01
  3.60266323e-01 0.00000000e+00 7.01993197e-01 7.39611953e-01
  9.33522761e-01 7.58721138e-01 6.53444493e-01 4.83008921e-01
  1.00000000e+00 7.20538779e-01 6.15217907e-01 3.07640076e-01]
 [8.13715343e-01 5.92074601e-01 2.25226069e-01 3.05499501e-01
  8.71917735e-01 8.95497176e-02 4.34900427e-01 1.00000000e+00
  6.69551435e-03 8.00270998e-02 9.85893579e-01 8.00730431e-01
  2.69244051e-01 3.36765582e-01 9.77977935e-01 1.11110522e-01
  5.19507882e-01 1.00000000e+00 1.66834038e-01 8.96536577e-02]
 [3.78708944e-03 3.03556163e-02 6.66581540e-01 4.82493733e-01
  0.00000000e+00 7.80040096e-01 3.11362732e-01 0.00000000e+00
  1.00000000e+00 6.53800747e-01 1.74258029e-01 2.87724678e-01
  5.86768364e-01 5.22256160e-01 1.09059786e-01 7.66685409e-01
  3.36897957e-01 1.64911860e-01 1.00000000e+00 7.19628575e-01]
 [1.19818848e-01 2.87755487e-01 1.81599080e-01 5.58457988e-02
  3.35651746e-01 6.81655252e-01 0.00000000e+00 1.39598191e-01
  6.78386105e-01 1.00000000e+00 3.56422662e-01 4.95132458e-01
  2.37846584e-01 2.69354730e-01 3.30830254e-01 6.77665105e-01
  1.03840795e-01 3.14677195e-01 7.89417884e-01 1.00000000e+00]]"
2,"[7, 8]","[1, 3, 6, 7, 8]",[0 3 6 7 8],1.0,1.0,[],[],"[1, 1, 1, 1, 1, 1, 1, 1, 1, 1]","[[0.27294063]
 [0.46849393]
 [0.41430773]
 [0.5383641 ]
 [0.24553104]
 [0.        ]
 [0.43774635]
 [1.        ]
 [0.95668414]
 [0.41034841]]","[231, 443, 151, 230, 224, 126, 292, 600, 600, 375]","[[1.         0.19913913 0.         0.49918611 0.33851274 0.36243662
  0.86410131 0.17539033 0.30671746 0.74143249 1.         0.26147211
  0.01670302 0.63693991 0.43411507 0.52329938 0.85331576 0.30081101
  0.39686927 0.71493071]
 [0.17944175 1.         0.7127174  0.         0.69916061 0.71515702
  0.         0.28435364 0.03898107 0.65601714 0.         1.
  0.45744873 0.         0.66362771 0.4470312  0.         0.
  0.         0.63155542]
 [0.         0.71961363 1.         0.20209291 0.57888847 0.64100281
  0.03577553 0.63467158 0.40953886 0.27623004 0.43462529 0.76961226
  1.         0.59393012 0.82524579 0.87060169 0.57894988 0.65948014
  0.57536228 0.65439181]
 [0.49854529 0.02275599 0.20107191 1.         0.11856226 0.02842524
  0.68180401 0.70435026 0.80802258 0.22918317 0.69681272 0.38326392
  0.41023152 1.         0.59310731 0.67235694 0.81844549 0.81405033
  0.83755275 0.60359329]
 [0.34454233 0.70905864 0.58272698 0.12771288 1.         0.71832115
  0.39125244 0.22826276 0.01126467 0.65302464 0.53325479 0.79510147
  0.74931537 0.59811743 1.         0.85182672 0.68299411 0.42426921
  0.39085787 0.8383854 ]
 [0.42051339 0.74731863 0.67370445 0.11805621 0.74162459 1.
  0.29846336 0.2806302  0.09306344 0.49120349 0.70558175 0.74777592
  0.86100603 0.75768096 0.88904748 1.         0.80207416 0.58137986
  0.54387286 0.81174046]
 [0.86075891 0.         0.01206019 0.67439458 0.37054253 0.20917089
  1.         0.37373321 0.51272225 0.53246981 0.87006582 0.3458056
  0.35133264 0.80741853 0.6595483  0.71612744 1.         0.53700602
  0.58636255 0.67730965]
 [0.10613221 0.24286907 0.60398801 0.67992854 0.15574985 0.1420598
  0.33742978 1.         0.88918758 0.         0.24526243 0.20279816
  0.36071847 0.7596388  0.24652455 0.26835149 0.43579516 1.
  0.96735449 0.16037951]
 [0.30521027 0.06001109 0.40825517 0.8078511  0.         0.
  0.52338534 0.89755119 1.         0.07547585 0.18333385 0.
  0.         0.73660168 0.         0.         0.36771478 0.95904988
  1.         0.        ]
 [0.71971567 0.63607715 0.21544132 0.16551083 0.62042257 0.39319527
  0.50536799 0.         0.         1.         0.74578323 0.75734299
  0.46397366 0.57668631 0.82526391 0.72817353 0.67513732 0.30635795
  0.34140159 1.        ]]"
3,"[4, 5]","[1, 4, 5, 6, 9]",[0 3 4 5 9],1.0,1.0,[],[],"[1, 1, 1, 1, 1, 1, 1, 1, 2, 1]","[[0.04629263]
 [0.93371926]
 [0.21692902]
 [0.        ]
 [1.        ]
 [0.94156774]
 [0.55258946]
 [0.32082897]
 [0.09651938]
 [0.391462  ]]","[110, 257, 294, 286, 600, 600, 282, 284, 313, 193]","[[1.         0.05080952 0.26578486 0.39963449 0.80767121 0.86212583
  0.         0.02892983 0.38081789 0.47368947 1.         0.56081693
  0.77326124 0.63381901 0.75653271 0.69236608 0.56276175 0.71940759
  0.83138156 0.72647411]
 [0.13814089 1.         0.69975404 0.         0.26547607 0.21136931
  0.71646552 0.79628812 0.30827866 0.322446   0.         1.
  0.51246346 0.         0.         0.         0.58051699 0.75445334
  0.47568941 0.30679029]
 [0.28030212 0.67586861 1.         0.23516724 0.24396444 0.15968228
  0.67738353 0.70156909 0.50402018 0.         0.66228226 0.68108066
  1.         0.62723409 0.37176124 0.34585551 0.81610241 0.88695402
  0.83976664 0.4915207 ]
 [0.45487179 0.         0.29152831 1.         0.25798227 0.41559181
  0.1780198  0.52218724 0.58123867 0.55879373 0.21183283 0.05470333
  0.46132028 1.         0.13808813 0.1697855  0.17604792 0.55333285
  0.62527236 0.25230674]
 [0.81171299 0.20804776 0.24492293 0.19996806 1.         0.83814363
  0.22553005 0.04933708 0.13511528 0.56631585 0.56027875 0.20680053
  0.23821318 0.27676881 1.         0.97261677 0.26042411 0.2541422
  0.24818083 0.35501364]
 [0.85801832 0.10558276 0.11719249 0.33719959 0.82974373 1.
  0.16386857 0.         0.         0.56459286 0.29953147 0.
  0.         0.12174186 0.9654775  1.         0.         0.
  0.         0.        ]
 [0.09867245 0.71854716 0.70335136 0.18405459 0.28696431 0.26817404
  1.         0.68638261 0.01028901 0.4004981  0.39282227 0.74416636
  0.82854679 0.46840964 0.43135188 0.39012157 1.         0.88207334
  0.57608879 0.64446194]
 [0.         0.76896236 0.68647924 0.45809369 0.         0.
  0.64168349 1.         0.60510959 0.38756175 0.51746277 0.81454671
  0.86947854 0.64312479 0.28981072 0.24473303 0.85396088 1.
  0.83068708 0.73372626]
 [0.48922584 0.3715673  0.58260461 0.619553   0.27122615 0.19894725
  0.0941918  0.68367191 1.         0.35617775 0.69840163 0.58813191
  0.80758064 0.68860107 0.25543864 0.21445781 0.45398932 0.8239001
  1.         0.53647847]
 [0.48409594 0.26854453 0.         0.52369446 0.56576537 0.58554914
  0.34801922 0.41703859 0.23496315 1.         0.70730598 0.67421909
  0.63469082 0.62827965 0.61785418 0.53003989 0.72602949 0.83431284
  0.72269264 1.        ]]"
4,"[2, 5]","[1, 2, 3, 5, 9]",[2 5],1.0,1.0,[],[],"[1, 1, 1, 1, 2, 1, 1, 1, 1, 1]","[[0.07077887]
 [0.56932042]
 [0.90295254]
 [0.43083191]
 [0.23775618]
 [1.        ]
 [0.00540505]
 [0.        ]
 [0.13273072]
 [0.40051636]]","[116, 199, 600, 292, 201, 600, 139, 204, 300, 204]","[[1.         0.03849008 0.23435668 0.53617383 0.66411085 0.12479042
  0.72306407 0.80960619 0.65646262 0.61055968 1.         0.33415574
  0.41228176 0.59110122 0.82129392 0.39776378 0.78040521 0.87207678
  0.68519447 0.83206903]
 [0.043259   1.         0.19242003 0.64261092 0.08857829 0.40089308
  0.49005895 0.17657611 0.72996063 0.13500935 0.39262212 1.
  0.43553495 0.72303244 0.42420101 0.45760964 0.62400022 0.4337238
  0.86921958 0.38108207]
 [0.14387953 0.09248606 1.         0.         0.70516781 0.84263992
  0.         0.28021878 0.02136567 0.32321875 0.05023004 0.
  1.         0.         0.57475025 0.96479744 0.         0.10211118
  0.02676856 0.12301524]
 [0.4925092  0.60701715 0.02149172 1.         0.         0.23872833
  0.72402706 0.24891951 0.6860308  0.40939369 0.38570088 0.54385106
  0.07035995 1.         0.         0.1493802  0.54835183 0.11955244
  0.66938181 0.42806661]
 [0.63329467 0.         0.71213573 0.00218883 1.         0.45628696
  0.35648784 0.75657715 0.3581837  0.44551936 0.79833589 0.28768206
  0.70304947 0.24885252 1.         0.64455163 0.60518577 0.85386657
  0.53729353 0.6463279 ]
 [0.         0.31205827 0.83920441 0.20502273 0.43096832 1.
  0.06998235 0.         0.         0.         0.         0.01267809
  0.96382919 0.05983402 0.47697752 1.         0.0189613  0.
  0.         0.        ]
 [0.69442831 0.43452537 0.0132086  0.72169093 0.34961687 0.10187456
  1.         0.69948284 0.77957731 0.4566894  0.77136789 0.57084272
  0.35573292 0.68699493 0.63573395 0.38486815 1.         0.82653045
  0.80459865 0.71140229]
 [0.80416144 0.14880686 0.33787894 0.29391197 0.77065702 0.09976204
  0.71985634 1.         0.73112628 0.5531951  0.87442482 0.39060847
  0.45458419 0.42470072 0.87287976 0.40881788 0.83644551 1.
  0.74499014 0.72041652]
 [0.60747987 0.68991954 0.         0.67212973 0.32829677 0.
  0.77175021 0.70133044 1.         0.43185183 0.47727235 0.7619383
  0.         0.63457708 0.31915319 0.         0.68836554 0.56864417
  1.         0.34639802]
 [0.63259292 0.17988011 0.42898635 0.49074918 0.52084976 0.17430699
  0.53546228 0.59019316 0.53088401 1.         0.85340052 0.40769092
  0.52625524 0.6676597  0.72640186 0.47426304 0.75802008 0.75136703
  0.65637729 1.        ]]"
5,"[2, 8]","[1, 2, 3, 4, 8]",[1],1.0,0.0,[],"[2, 8]","[1, 1, 1, 2, 1, 1, 1, 1, 1, 1]","[[0.49854831]
 [1.        ]
 [0.80434585]
 [0.64045918]
 [0.57736584]
 [0.2886089 ]
 [0.22052618]
 [0.        ]
 [0.80955684]
 [0.05519973]]","[302, 257, 600, 282, 180, 261, 393, 104, 600, 267]","[[1.         0.44681734 0.19553477 0.56102242 0.46583129 0.57112507
  0.22088915 0.49376018 0.         0.61081503 1.         0.4779883
  0.61749935 0.77164994 0.86311688 0.8142809  0.7468724  0.77961585
  0.50136019 0.86563201]
 [0.41383522 1.         0.         0.84379188 0.06847787 0.37166867
  0.04832975 0.         0.05992889 0.         0.         1.
  0.         0.31913373 0.         0.         0.         0.
  0.         0.        ]
 [0.19679424 0.05774518 1.         0.14132734 0.67641202 0.06421183
  0.69332932 0.14985765 0.87690825 0.33345818 0.4625435  0.26651475
  1.         0.42694153 0.82352226 0.38824444 0.78838515 0.57351935
  0.95414638 0.6655154 ]
 [0.51122722 0.83585898 0.04242506 1.         0.         0.51307887
  0.         0.18689435 0.01758105 0.16801622 0.81139869 0.7064476
  0.66315402 1.         0.74615418 0.80235348 0.76072702 0.787308
  0.56885455 0.7637478 ]
 [0.53704441 0.23809129 0.71911167 0.22161178 1.         0.38054996
  0.49135958 0.06970271 0.47139385 0.36794235 0.83959166 0.38827351
  0.85281761 0.63983335 1.         0.7864211  0.86622163 0.71852113
  0.75925718 0.86169296]
 [0.57519795 0.4126547  0.07164525 0.56683845 0.29205206 1.
  0.46401326 0.61031037 0.00949665 0.65831165 0.81335947 0.47539838
  0.5624616  0.75951112 0.81683998 1.         0.86863779 0.85450331
  0.52735029 0.88585445]
 [0.13251111 0.         0.65800686 0.         0.34654659 0.39749207
  1.         0.61565151 0.76126782 0.66000689 0.67707322 0.33404513
  0.80786807 0.63041475 0.85436243 0.83324241 1.         0.8874076
  0.79246462 0.90986178]
 [0.5406814  0.14373813 0.22744416 0.33741733 0.02609051 0.64303912
  0.68680254 1.         0.32676727 0.92003587 0.68592866 0.25607663
  0.56745016 0.6330089  0.65769227 0.79367508 0.87422554 1.
  0.58858063 0.93394844]
 [0.         0.11282449 0.87671524 0.11766793 0.39008219 0.
  0.78558938 0.25799392 1.         0.27567556 0.04477273 0.
  0.93748529 0.         0.60645349 0.09903117 0.68836419 0.44696001
  1.         0.51276831]
 [0.61778338 0.07316506 0.34436608 0.26615601 0.28377525 0.66121223
  0.7001121  0.91344523 0.28864452 1.         0.78719688 0.17327246
  0.62299496 0.54698305 0.81308274 0.82011632 0.8881009  0.92659642
  0.59719214 1.        ]]"
6,"[1, 4]","[1, 4, 6, 7, 8]",[1 4 6],1.0,1.0,[],[],"[1, 1, 2, 1, 1, 1, 2, 1, 1, 1]","[[0.42525442]
 [0.98364564]
 [0.14431276]
 [0.4832375 ]
 [0.9982719 ]
 [0.06333828]
 [0.64316766]
 [0.66770922]
 [0.66228133]
 [0.        ]]","[153, 600, 204, 259, 600, 252, 398, 348, 162, 291]","[[1.         0.01539107 0.83163413 0.45662131 0.10389551 0.77803265
  0.32904237 0.60238042 0.28702057 0.5216999  1.         0.55672354
  0.91817277 0.64511121 0.46032545 0.94145044 0.61377732 0.74024414
  0.76195787 0.68667759]
 [0.         1.         0.         0.1985835  0.79855233 0.10964204
  0.45516381 0.03003765 0.         0.45528298 0.36607653 1.
  0.35953543 0.38261701 0.95484835 0.3704628  0.75095435 0.22821898
  0.56749995 0.39018932]
 [0.82900235 0.         1.         0.75136786 0.         0.8359165
  0.34637054 0.40026269 0.31180756 0.61606162 0.89790446 0.44121868
  1.         0.8243273  0.32665    0.91599553 0.53357712 0.60410432
  0.69775273 0.68318944]
 [0.49898405 0.27243635 0.77427998 1.         0.0902626  0.48479099
  0.6718881  0.07138103 0.22422293 0.37025918 0.52089989 0.41719066
  0.8099231  1.         0.31719858 0.55857512 0.63805007 0.27143897
  0.31528964 0.43853624]
 [0.09177899 0.79897091 0.00207785 0.         1.         0.00523043
  0.53284679 0.07308269 0.19710436 0.29578112 0.         0.94149681
  0.         0.0628082  1.         0.         0.64939482 0.
  0.21623445 0.        ]
 [0.79513769 0.1909015  0.85089169 0.4842877  0.09413687 1.
  0.12597371 0.43864665 0.06474827 0.85769709 0.93112113 0.48212892
  0.9207944  0.61533273 0.36511603 1.         0.43409949 0.67441348
  0.68078255 0.80048491]
 [0.29149392 0.43352832 0.32041484 0.6242305  0.51328478 0.
  1.         0.         0.23692327 0.         0.51208355 0.77999909
  0.52774279 0.66129456 0.76096696 0.39230545 1.         0.32576733
  0.41230836 0.20057464]
 [0.65985584 0.18301525 0.49485024 0.13844321 0.21764583 0.47969426
  0.18988473 1.         0.26344761 0.56047202 0.51868054 0.
  0.41205068 0.         0.         0.48717162 0.01105948 1.
  0.         0.35725245]
 [0.48062606 0.28275597 0.50639807 0.38709784 0.42292884 0.26182607
  0.47359151 0.37279211 1.         0.35466235 0.82269306 0.77473387
  0.8195631  0.62221493 0.68494237 0.79788614 0.65349163 0.59802057
  1.         0.61381221]
 [0.49493304 0.43365222 0.60081535 0.27879059 0.26629199 0.83718693
  0.         0.45745003 0.06452471 1.         0.50486775 0.32615094
  0.59874497 0.34276983 0.14717152 0.73199489 0.         0.45184658
  0.18067463 1.        ]]"
7,"[1, 2, 3, 5, 7, 8]","[1, 2, 3, 5, 7, 8]",[1 2 3 5 7 8],1.0,1.0,[],[],"[1, 1, 1, 1, 1, 1, 1, 1, 1, 1]","[[0.07440827]
 [0.65671375]
 [0.63665606]
 [1.        ]
 [0.        ]
 [0.73581739]
 [0.03366359]
 [0.89275957]
 [0.82076404]
 [0.19341638]]","[279, 600, 600, 600, 33, 600, 266, 600, 600, 239]","[[1.         0.53362227 0.24678976 0.15169903 0.62657975 0.
  0.63763622 0.15519193 0.09551448 0.52032354 1.         0.
  0.         0.         0.48500115 0.         0.56508806 0.
  0.         0.44163942]
 [0.45229989 1.         0.         0.45087097 0.38111046 0.14293412
  0.37117932 0.53961248 0.48424199 0.23723223 0.43872543 1.
  0.92807722 0.92201267 0.51370614 0.92827616 0.49925059 0.90761987
  0.92305228 0.54607366]
 [0.1154523  0.         1.         0.4743946  0.         0.69875807
  0.43256761 0.28706487 0.19179617 0.69057189 0.33258359 0.91447601
  1.         0.97644918 0.32490061 0.98140961 0.30300087 0.9345984
  0.90254075 0.39796895]
 [0.04842643 0.47548034 0.49794975 1.         0.04825653 0.5987657
  0.00383687 0.71673036 0.6731532  0.         0.21547541 0.89099278
  0.97231683 1.         0.21571713 0.97477915 0.14895855 0.97074346
  0.92192477 0.15810462]
 [0.65740388 0.51650422 0.21876889 0.22158343 1.         0.17964745
  0.79669972 0.22817767 0.30742366 0.36887307 0.66252608 0.43224968
  0.33716596 0.34491126 1.         0.42306956 0.8821889  0.34470936
  0.38433366 0.49302322]
 [0.         0.27019109 0.74348641 0.64231095 0.10583852 1.
  0.27881923 0.48488879 0.25484654 0.33570162 0.26335833 0.90586645
  0.97948139 0.97631848 0.35144655 1.         0.29337565 0.93777743
  0.8954184  0.28987992]
 [0.59901355 0.40747491 0.46531987 0.01729531 0.75478995 0.20195182
  1.         0.         0.         0.73817898 0.6324601  0.24604012
  0.11745165 0.08325762 0.84806584 0.18934611 1.         0.15490963
  0.00604805 0.67671054]
 [0.06514763 0.56618606 0.32821554 0.72055737 0.06906847 0.42998537
  0.         1.         0.84071341 0.17316629 0.         0.83541009
  0.9020078  0.96270793 0.         0.91553211 0.         1.
  0.81392834 0.        ]
 [0.10095942 0.56346546 0.31594104 0.71037936 0.24965543 0.2593323
  0.10175935 0.85692237 1.         0.14426238 0.43484541 0.92252035
  0.9174735  0.94375629 0.46901934 0.91976455 0.33529416 0.89484075
  1.         0.34746224]
 [0.46192747 0.27141587 0.70443896 0.         0.22834255 0.25482956
  0.73459321 0.16184255 0.03427081 1.         0.70416115 0.57150034
  0.52207201 0.43141942 0.59008429 0.48924107 0.79731162 0.47016523
  0.38824314 1.        ]]"
8,"[3, 6]","[0, 3, 4, 6, 8, 9]",[0 1 4 7 8 9],1.0,0.0,[],"[3, 6]","[1, 2, 1, 2, 2, 1, 1, 1, 1, 1]","[[0.68536919]
 [0.47064566]
 [0.        ]
 [0.64806565]
 [1.        ]
 [0.12404309]
 [0.80421435]
 [0.31250733]
 [0.74185608]
 [0.74100971]]","[276, 321, 170, 600, 257, 395, 600, 277, 264, 299]","[[1.         0.56083508 0.17233693 0.04280089 0.57645016 0.03158783
  0.22869311 0.16728961 0.74334317 0.53967214 1.         0.71196726
  0.74479901 0.55281519 0.56406014 0.6963475  0.52340186 0.68728144
  0.85169253 0.55940738]
 [0.57562066 1.         0.13792162 0.35770467 0.16957478 0.15358955
  0.         0.61655536 0.38861273 0.39869179 0.33928332 1.
  0.37813398 0.3082428  0.         0.41108929 0.05287955 0.65886614
  0.24466386 0.0575389 ]
 [0.31668915 0.26347939 1.         0.50716152 0.2078065  0.73836186
  0.32357801 0.27559108 0.58912581 0.17394811 0.55632117 0.52868663
  1.         0.56020463 0.35173702 0.85112237 0.32955764 0.54044717
  0.68591447 0.05379051]
 [0.         0.30560611 0.3763548  1.         0.06186835 0.80490114
  0.70992228 0.42524782 0.         0.0107611  0.00122953 0.32646694
  0.43500716 1.         0.01317235 0.80003475 0.93231233 0.53128684
  0.         0.        ]
 [0.5893247  0.16676404 0.0696195  0.07097659 1.         0.27989035
  0.32025349 0.         0.72037706 0.4636275  0.         0.
  0.14466099 0.         1.         0.06412761 0.         0.
  0.54194839 0.43776354]
 [0.0321286  0.12458931 0.6832667  0.81335583 0.25772987 1.
  0.49249436 0.28543938 0.21509319 0.         0.50782119 0.58387664
  0.8612001  0.85488178 0.33871408 1.         0.71557855 0.65728337
  0.53826129 0.11784072]
 [0.25466108 0.         0.2082655  0.73168605 0.32254646 0.5093068
  1.         0.15182438 0.28271273 0.22143893 0.18514842 0.29407597
  0.3406724  0.94818481 0.25466288 0.69998535 1.         0.48702374
  0.15924484 0.2325703 ]
 [0.1926013  0.61525752 0.14922815 0.46657057 0.         0.3067726
  0.14895357 1.         0.17207683 0.67977461 0.42434583 0.72624667
  0.51341682 0.61368951 0.19751933 0.61077824 0.44769484 1.
  0.36761868 0.61739577]
 [0.73186683 0.33902122 0.48007364 0.         0.69871573 0.17953815
  0.22453134 0.10794077 1.         0.47121849 0.80993931 0.57801585
  0.76847875 0.42621308 0.7441     0.63492717 0.36980833 0.55974903
  1.         0.47290466]
 [0.53992923 0.37808943 0.         0.05363016 0.44712133 0.
  0.19476341 0.66992012 0.49413348 1.         0.1904638  0.24510061
  0.         0.17733995 0.54965573 0.         0.17527058 0.61810777
  0.24428343 1.        ]]"
9,[6],"[1, 2, 3, 4, 5, 6, 9]",[0 1 3 5 9],1.0,0.0,[],[6],"[1, 1, 2, 1, 1, 3, 2, 1, 1, 2]","[[0.08903016]
 [0.80158089]
 [0.60374039]
 [1.        ]
 [0.53110026]
 [0.70792489]
 [0.93223585]
 [0.41524515]
 [0.        ]
 [0.70510769]]","[263, 147, 393, 309, 281, 282, 600, 110, 221, 292]","[[1.         0.38697844 0.         0.26242393 0.30988672 0.59383936
  0.32564191 0.31271828 0.48840217 0.52967644 1.         0.69508182
  0.         0.59900832 0.44485474 0.71453989 0.32896206 0.62841441
  0.67744029 0.67879804]
 [0.40233567 1.         0.35082882 0.52076781 0.31070877 0.72858221
  0.15929906 0.09041497 0.0245755  0.84478315 0.77611065 1.
  0.76660251 0.83063311 0.67842256 0.83834615 0.50728339 0.83330136
  0.75645561 0.83100769]
 [0.         0.33414813 1.         0.64688501 0.25862733 0.0435638
  0.52570311 0.48013147 0.44234998 0.42329437 0.46650932 0.83042067
  1.         0.75908979 0.5365357  0.61432051 0.64983987 0.81545532
  0.72783193 0.65501657]
 [0.27112608 0.51425317 0.65105117 1.         0.         0.5645947
  0.15713253 0.64552204 0.12750353 0.70520091 0.45665466 0.68745037
  0.38811621 1.         0.         0.70307282 0.09074088 0.74166635
  0.29684835 0.83607954]
 [0.31802887 0.30133857 0.26737424 0.         1.         0.33432586
  0.5541225  0.         0.5631273  0.37596826 0.57399607 0.66392019
  0.33335225 0.43367415 1.         0.70202185 0.51316104 0.42947906
  0.60576786 0.57556994]
 [0.59403763 0.72174387 0.04378661 0.55961137 0.32670711 1.
  0.15196423 0.19849383 0.         0.68551745 0.67999025 0.75319514
  0.45823715 0.75434413 0.56469342 1.         0.24774539 0.52456362
  0.33250427 0.71005383]
 [0.25537499 0.04784648 0.47628218 0.05819554 0.50178476 0.06314307
  1.         0.46977208 0.69168256 0.         0.         0.
  0.02187855 0.         0.05456587 0.         1.         0.
  0.         0.        ]
 [0.36291614 0.1351844  0.51810173 0.66748939 0.06197112 0.25667158
  0.55487975 1.         0.63291041 0.29198346 0.70778733 0.82146552
  0.72797122 0.85007276 0.41533811 0.66648543 0.47229981 1.
  0.86277386 0.68835822]
 [0.48865191 0.         0.44262217 0.11751765 0.55812722 0.
  0.72091339 0.60417957 1.         0.13672637 0.77302833 0.76660608
  0.64101866 0.63485114 0.63850143 0.58102101 0.52781889 0.87721136
  1.         0.59011885]
 [0.4806696  0.8242059  0.36320266 0.67059697 0.30271855 0.65257938
  0.         0.15660965 0.04630925 1.         0.52133563 0.65701926
  0.03633892 0.81972085 0.17576303 0.61456379 0.         0.40943403
  0.13194081 1.        ]]"
10,"[4, 6, 7]","[2, 3, 4, 5, 6, 7]",[1 4 6 7],1.0,1.0,[],[],"[2, 1, 1, 1, 1, 1, 2, 2, 1, 2]","[[0.45276669]
 [0.49309765]
 [0.64520068]
 [0.99324494]
 [0.89351705]
 [0.55247855]
 [0.97834207]
 [0.77243285]
 [0.12144515]
 [0.        ]]","[264, 168, 414, 389, 600, 250, 600, 600, 254, 104]","[[1.         0.         0.23733744 0.22143612 0.5954317  0.47298371
  0.43344514 0.46019314 0.33272835 0.56102893 1.         0.33169611
  0.09487761 0.         0.53556674 0.64564029 0.51344948 0.4849612
  0.26004959 0.40277627]
 [0.         1.         0.32128777 0.13566215 0.64018851 0.15097263
  0.79339192 0.74238439 0.34097488 0.21534066 0.61218249 1.
  0.47475644 0.47605673 0.86291753 0.75304539 0.87465235 0.89215101
  0.66629546 0.71001884]
 [0.09739686 0.19675118 1.         0.55941308 0.         0.18150879
  0.         0.         0.84903115 0.78835584 0.         0.
  1.         0.14297658 0.         0.         0.         0.
  0.56087431 0.15497097]
 [0.15614694 0.06318008 0.59650353 1.         0.09035396 0.6023814
  0.02174589 0.19691191 0.4590982  0.36061105 0.19940864 0.27716073
  0.37897241 1.         0.3480471  0.62494831 0.28273115 0.34110412
  0.16183285 0.        ]
 [0.52464839 0.57723581 0.00720688 0.01389534 1.         0.00166609
  0.91706183 0.94817193 0.06884874 0.12273873 0.48688347 0.73901162
  0.         0.10029938 1.         0.38681215 0.98290897 0.99000833
  0.         0.00500036]
 [0.51836075 0.22407538 0.36795582 0.66473208 0.22348385 1.
  0.1751463  0.24447918 0.51482778 0.43593104 0.70886669 0.65036792
  0.25637348 0.61511783 0.54401725 1.         0.52664173 0.53722121
  0.52378199 0.46935352]
 [0.3722845  0.77108818 0.06382617 0.         0.92179182 0.
  1.         0.96093256 0.06034907 0.07559964 0.50879765 0.78193033
  0.08622389 0.09551043 0.98438262 0.41833237 1.         0.98900242
  0.06457531 0.08386528]
 [0.36114424 0.69511458 0.         0.12309002 0.94779563 0.02160772
  0.95826897 1.         0.         0.         0.51192911 0.82388124
  0.14227066 0.22008217 0.99142985 0.46621196 0.98967696 1.
  0.16823792 0.18975664]
 [0.23159311 0.24108951 0.85310353 0.42530896 0.08738909 0.38865458
  0.02336062 0.02697459 1.         0.81249428 0.5917463  0.68272475
  0.78070756 0.42237331 0.50061577 0.68019462 0.48878469 0.51573434
  1.         0.83402673]
 [0.51018321 0.12445403 0.80045559 0.34175079 0.16688761 0.31129671
  0.06902717 0.05716999 0.81831305 1.         0.76158217 0.80051142
  0.69466217 0.50135579 0.64047267 0.74215459 0.6377332  0.6586702
  0.87990849 1.        ]]"
11,"[3, 9]","[0, 3, 6, 7, 9]",[0 3 6 7 9],1.0,1.0,[],[],"[2, 2, 1, 2, 2, 1, 1, 1, 1, 2]","[[0.62965448]
 [0.        ]
 [0.20870781]
 [0.81832803]
 [0.08601497]
 [0.144378  ]
 [0.50544356]
 [0.76641075]
 [0.07410666]
 [0.8765062 ]]","[299, 291, 149, 600, 266, 338, 234, 258, 113, 600]","[[1.         0.63564582 0.         0.1764304  0.26283914 0.54635694
  0.21202801 0.15924308 0.30532804 0.1023209  1.         0.16463747
  0.         0.         0.         0.07328777 0.         0.
  0.         0.        ]
 [0.55759152 1.         0.23334476 0.         0.35756454 0.82880408
  0.2444373  0.10574537 0.57496909 0.26943762 0.44870376 1.
  0.62358182 0.23652898 0.58356265 0.83262597 0.58098481 0.20749138
  0.76642134 0.38038662]
 [0.04396391 0.39636458 1.         0.63973285 0.69155128 0.5734935
  0.20147236 0.         0.67447236 0.21972619 0.         0.42962491
  1.         0.51047846 0.63883015 0.61054186 0.43570842 0.13104817
  0.70571225 0.42033493]
 [0.         0.         0.54243787 1.         0.36456065 0.05408623
  0.60159355 0.30952603 0.10562164 0.61587565 0.13559458 0.
  0.57685492 1.         0.24898354 0.         0.70474202 0.29213584
  0.42293677 0.93569901]
 [0.27740015 0.48136071 0.68374005 0.44871322 1.         0.47057987
  0.46193509 0.04366971 0.46646568 0.         0.49559779 0.68171468
  0.81782513 0.32384714 1.         0.7121128  0.74671524 0.39516369
  0.8547292  0.53776368]
 [0.4927449  0.84234565 0.50115745 0.12890811 0.39608336 1.
  0.         0.10119488 0.47450403 0.0860034  0.42792326 0.84343761
  0.75958023 0.28584593 0.64766583 1.         0.42718715 0.37452217
  0.76591742 0.34865274]
 [0.11890466 0.30420237 0.06604105 0.63310754 0.38622215 0.
  1.         0.56670521 0.         0.543732   0.27798254 0.54157591
  0.59257162 0.75337797 0.63744009 0.33003663 1.         0.41266446
  0.68652175 0.83338201]
 [0.24935307 0.34245304 0.06612021 0.49229334 0.12896104 0.28234011
  0.6540315  1.         0.03337596 0.25355984 0.29625896 0.15490247
  0.38848294 0.42370437 0.15613348 0.28695752 0.42753168 1.
  0.3179118  0.3153834 ]
 [0.37187694 0.6834912  0.69212212 0.3339811  0.50785652 0.5750653
  0.19136442 0.02105724 1.         0.27139528 0.50535575 0.82492824
  0.85443226 0.66978341 0.85753954 0.81243463 0.78524035 0.52057506
  1.         0.67034267]
 [0.1200526  0.41021568 0.19996619 0.68989574 0.         0.19874997
  0.6000152  0.18046909 0.21011726 1.         0.13859378 0.1912417
  0.5006729  0.93592211 0.2106037  0.09111028 0.80121564 0.16200283
  0.42591293 1.        ]]"
12,"[4, 8]","[2, 4, 5, 6, 8]",[4 6 8],1.0,1.0,[],[],"[1, 2, 1, 1, 1, 1, 1, 2, 2, 1]","[[0.20687208]
 [0.12308252]
 [0.2130429 ]
 [0.01366732]
 [0.93476226]
 [0.47995119]
 [0.77080636]
 [0.03705333]
 [0.94675853]
 [0.00951398]]","[180, 139, 219, 144, 600, 179, 251, 113, 600, 284]","[[1.         0.83011778 0.63700905 0.76701636 0.12368172 0.66740006
  0.09884199 0.28076501 0.09125396 0.56489138 1.         0.88943217
  0.55951222 0.76623247 0.         0.45598513 0.13821534 0.28592256
  0.         0.50271804]
 [0.80614096 1.         0.64442868 0.69482683 0.         0.35123785
  0.51862265 0.30603947 0.         0.61955812 0.90073912 1.
  0.75444647 0.76789528 0.10226253 0.51283639 0.58224642 0.47126882
  0.19561338 0.63518008]
 [0.66439333 0.71191319 1.         0.68781308 0.27211812 0.06819725
  0.28106386 0.36497502 0.08210958 0.49503714 0.71506639 0.82306789
  1.         0.75476972 0.3531407  0.39783604 0.64607318 0.60691507
  0.41401479 0.62273744]
 [0.77508558 0.74183338 0.67403439 1.         0.15403239 0.37188319
  0.0855402  0.6753806  0.10831905 0.67387746 0.83024823 0.81225657
  0.7247075  1.         0.27384368 0.6347098  0.31485285 0.83974546
  0.28896282 0.78886596]
 [0.         0.         0.10161136 0.         1.         0.34266578
  0.2035942  0.20365884 0.8245864  0.1148066  0.         0.
  0.         0.         1.         0.25713624 0.         0.
  0.93028044 0.        ]
 [0.70045948 0.48798723 0.0923412  0.41402111 0.48122202 1.
  0.         0.17830896 0.52800846 0.33798317 0.76346886 0.7640592
  0.59525408 0.78128153 0.67701175 1.         0.41397363 0.72185892
  0.72099614 0.70527709]
 [0.18841434 0.62008981 0.29969222 0.14688776 0.37146466 0.
  1.         0.0822665  0.36794999 0.30821379 0.36061984 0.65475196
  0.59405795 0.29997407 0.25807434 0.         1.         0.17342947
  0.45025559 0.38504936]
 [0.38598724 0.4808376  0.41364233 0.71292912 0.40424509 0.22109996
  0.13005907 1.         0.15245521 0.85289084 0.61208257 0.68005189
  0.66988098 0.88011242 0.4567572  0.65247859 0.39477968 1.
  0.45521549 0.91849952]
 [0.0846515  0.11731485 0.         0.06961742 0.84516503 0.47210841
  0.29309351 0.         1.         0.         0.21612102 0.29763235
  0.28988965 0.23244199 0.9453483  0.49698414 0.41916945 0.2138964
  1.         0.22257761]
 [0.56412263 0.6660228  0.45286904 0.66158034 0.22291831 0.26361955
  0.23050622 0.8273765  0.005459   1.         0.6229622  0.69188604
  0.55780273 0.77954989 0.24180279 0.48605278 0.37156257 0.8862508
  0.24804784 1.        ]]"
13,"[1, 3, 4, 5, 7]","[1, 3, 4, 5, 7]",[1 3 4 5 7],1.0,1.0,[],[],"[2, 2, 2, 3, 1, 2, 1, 1, 1, 2]","[[0.07397511]
 [0.82501048]
 [0.3490394 ]
 [0.82480842]
 [0.89349073]
 [0.85334423]
 [0.        ]
 [1.        ]
 [0.16071212]
 [0.471489  ]]","[116, 600, 193, 600, 600, 600, 146, 600, 304, 258]","[[1.         0.20870173 0.5916132  0.11306827 0.         0.19119884
  0.83481152 0.28543905 0.67054862 0.82283244 1.         0.33780808
  0.83562019 0.3412602  0.43823162 0.38470342 0.80159334 0.46164962
  0.66743809 0.89327395]
 [0.37671988 1.         0.07551941 0.67390907 0.54193596 0.48446306
  0.37319831 0.39325786 0.25286094 0.19548337 0.19920341 1.
  0.24421926 0.95314492 0.97269519 0.95475301 0.21092017 0.89373851
  0.2033781  0.272476  ]
 [0.72057372 0.19693575 1.         0.3011443  0.34924573 0.19263287
  0.62001844 0.40906143 0.40453673 0.61627982 0.88411427 0.55940563
  1.         0.61303378 0.66293697 0.56213313 0.71258509 0.61893324
  0.53559663 0.8112756 ]
 [0.13164315 0.59467471 0.         1.         0.66677013 0.52583434
  0.00426987 0.81276226 0.08823224 0.         0.         0.94118278
  0.16674546 1.         0.92727979 0.9167511  0.         0.85856082
  0.         0.        ]
 [0.         0.4184553  0.04891034 0.6596421  1.         0.46414073
  0.19720277 0.55656598 0.22600379 0.25149041 0.31892302 0.97262591
  0.42034635 0.94192249 1.         0.95612146 0.26495527 0.92504422
  0.20135676 0.42621037]
 [0.22063064 0.46021918 0.02685796 0.60058646 0.55807201 1.
  0.17942904 0.65571025 0.12504059 0.29238186 0.14658127 0.95593848
  0.26857677 0.93541963 0.95737922 1.         0.19783541 0.93981399
  0.22424957 0.32980872]
 [0.83794767 0.21933853 0.45519311 0.00227863 0.21244384 0.02390727
  1.         0.         0.90114936 0.7849465  0.76600838 0.23046805
  0.51919177 0.22311282 0.28497883 0.19665996 1.         0.17323108
  0.88335718 0.76052509]
 [0.29900496 0.24432203 0.1527288  0.81238783 0.56498452 0.59045745
  0.         1.         0.         0.32112968 0.29538362 0.88499274
  0.29253115 0.87805294 0.91908037 0.93310785 0.08245408 1.
  0.13781271 0.34477524]
 [0.68946958 0.10593067 0.1797009  0.12221328 0.27045571 0.
  0.90502333 0.0391908  1.         0.65872518 0.49515436 0.
  0.         0.         0.         0.         0.84985874 0.
  1.         0.49742091]
 [0.82654283 0.         0.45093074 0.         0.26716632 0.1599478
  0.78537565 0.32248456 0.64551369 1.         0.90607997 0.47058436
  0.76442219 0.42030215 0.58351289 0.49918373 0.82130856 0.55945491
  0.70865598 1.        ]]"
14,[8],"[2, 3, 5, 6, 8]",[2 5 6 7 9],1.0,0.0,[],[8],"[2, 1, 2, 3, 2, 2, 1, 3, 1, 2]","[[0.21433135]
 [0.22762595]
 [0.40101616]
 [0.32728075]
 [0.31447245]
 [0.51105287]
 [1.        ]
 [0.0239576 ]
 [0.91876275]
 [0.21887318]]","[126, 215, 180, 264, 230, 254, 307, 104, 600, 292]","[[1.         0.71674615 0.25769757 0.4435829  0.22531838 0.48186926
  0.34707454 0.17512088 0.39843353 0.14923168 1.         0.78009775
  0.74790066 0.81253007 0.77146482 0.74255447 0.80567956 0.77484928
  0.44292464 0.73285207]
 [0.73978627 1.         0.065592   0.80202714 0.47923472 0.12116682
  0.13324441 0.24379847 0.46748715 0.0813409  0.70771978 1.
  0.39735685 0.88056793 0.53549032 0.3521788  0.46171521 0.55185361
  0.25957054 0.35605232]
 [0.28794447 0.02430263 1.         0.28684885 0.33517136 0.78877846
  0.70758517 0.88725878 0.         0.56744425 0.62366259 0.32314417
  1.         0.6830315  0.56561947 0.86040455 0.78511191 0.94707122
  0.16839013 0.54411013]
 [0.53197872 0.81873393 0.37466357 1.         0.46804552 0.33717112
  0.3344819  0.57687047 0.1231362  0.27750134 0.71391712 0.86287663
  0.67598086 1.         0.65758018 0.43267731 0.6279241  0.60256135
  0.14989181 0.55129193]
 [0.20953196 0.48243646 0.36721998 0.42258858 1.         0.
  0.2679862  0.42261266 0.49817714 0.49840919 0.74148605 0.69179875
  0.74338974 0.80211722 1.         0.53506729 0.72253188 0.81759299
  0.50872653 0.78237716]
 [0.52694091 0.12657008 0.79896057 0.25847307 0.         1.
  0.65881476 0.73222844 0.06322061 0.44229731 0.58688162 0.21787788
  0.84994353 0.58835289 0.15400092 1.         0.72786004 0.79336156
  0.10607085 0.31997518]
 [0.37517282 0.09710228 0.70828235 0.24283409 0.2327453  0.64238929
  1.         0.46488937 0.00238419 0.64294258 0.65117746 0.27301004
  0.74159989 0.56231935 0.43520638 0.69556876 1.         0.65833112
  0.         0.64842127]
 [0.23592666 0.23752097 0.89113344 0.53083191 0.41421805 0.73260778
  0.48204501 1.         0.03436775 0.55317863 0.71583001 0.57444567
  0.9552502  0.79905398 0.738942   0.84269829 0.75977166 1.
  0.29689723 0.72784742]
 [0.4229458  0.44395658 0.         0.         0.47276115 0.01577523
  0.         0.         1.         0.35056045 0.         0.
  0.         0.         0.         0.         0.         0.
  1.         0.        ]
 [0.10458544 0.         0.54907001 0.14104197 0.46207276 0.38916102
  0.6268858  0.51762009 0.32297334 1.         0.70630871 0.56284382
  0.7244439  0.73468646 0.77392508 0.61762332 0.8232773  0.8054356
  0.49734532 1.        ]]"
15,"[0, 1, 6]","[0, 1, 4, 6, 8]",[0 1 6],1.0,1.0,[],[],"[1, 2, 1, 1, 2, 2, 2, 2, 2, 2]","[[1.        ]
 [0.91169456]
 [0.05607311]
 [0.16248794]
 [0.56168381]
 [0.00226994]
 [0.86431297]
 [0.32026707]
 [0.46078045]
 [0.072189  ]]","[600, 600, 193, 273, 257, 170, 600, 151, 168, 338]","[[1.         0.87708193 0.02744686 0.21211775 0.03976027 0.13244485
  0.68251265 0.19400408 0.35291044 0.         1.         0.97875994
  0.19311083 0.42328782 0.         0.4238307  0.88613801 0.17817523
  0.4677217  0.        ]
 [0.88068995 1.         0.         0.43225034 0.06308399 0.22966411
  0.61948308 0.         0.14852183 0.21522878 0.97914967 1.
  0.25198625 0.55719946 0.01834898 0.49122703 0.92364983 0.09082739
  0.38170063 0.15035051]
 [0.15854951 0.10863837 1.         0.1887464  0.53037097 0.58032278
  0.46210857 0.64059499 0.53473746 0.58061457 0.57241793 0.59620768
  1.         0.48671704 0.47008575 0.71759548 0.66900774 0.56293181
  0.56410907 0.6040323 ]
 [0.25318687 0.44557065 0.11122456 1.         0.39869872 0.72166456
  0.24454362 0.14310747 0.         0.80982409 0.56821208 0.66227565
  0.27479197 1.         0.25129392 0.81415832 0.58853997 0.
  0.         0.81359684]
 [0.06653737 0.06166778 0.47233665 0.38332158 1.         0.22345925
  0.         0.8137947  0.66175811 0.68292958 0.         0.
  0.         0.         1.         0.         0.         0.32096402
  0.38053802 0.33730172]
 [0.21600763 0.28281107 0.56165616 0.73464169 0.27812544 1.
  0.43422489 0.19217406 0.04662425 0.8069658  0.57574487 0.61836879
  0.60758733 0.81722839 0.26366239 1.         0.68875557 0.31720386
  0.2657704  0.80381635]
 [0.69136606 0.6210355  0.39563868 0.22522424 0.         0.3913798
  1.         0.33841404 0.468639   0.08089071 0.89252145 0.92200336
  0.410403   0.48124856 0.05606297 0.60100483 1.         0.37480788
  0.65085307 0.14343846]
 [0.21766253 0.         0.59679108 0.12252044 0.81407574 0.13231051
  0.33941258 1.         0.91471355 0.36328603 0.66266667 0.61983752
  0.66144937 0.45176259 0.721277   0.61937781 0.72813675 1.
  0.88413199 0.51810312]
 [0.38664061 0.16849883 0.4902779  0.         0.67019231 0.
  0.48188874 0.9167145  1.         0.18486338 0.64084856 0.57500822
  0.44497687 0.0987869  0.58202192 0.32718795 0.75042329 0.80953185
  1.         0.11147679]
 [0.         0.19149675 0.51527204 0.79936585 0.67383417 0.78639107
  0.05452535 0.34403135 0.14003701 1.         0.3479637  0.4356423
  0.51277907 0.83766443 0.56789667 0.82627689 0.40831941 0.23449882
  0.14137862 1.        ]]"
16,"[7, 8]","[0, 3, 4, 7, 8]",[0 3 5],1.0,0.0,[],"[7, 8]","[3, 3, 1, 1, 3, 4, 1, 4, 3, 2]","[[0.65588825]
 [0.33898355]
 [0.10367746]
 [0.5486438 ]
 [0.45150098]
 [0.32808252]
 [0.        ]
 [0.84965149]
 [0.9176708 ]
 [0.32277945]]","[299, 193, 250, 251, 168, 264, 114, 600, 600, 179]","[[1.         0.17536162 0.20510116 0.72788327 0.         0.58872123
  0.085525   0.         0.19308486 0.01622639 1.         0.
  0.34478832 0.70401377 0.         0.45706066 0.20122709 0.
  0.02208713 0.        ]
 [0.26017878 1.         0.27335265 0.03306044 0.62768276 0.31386631
  0.66560106 0.21420635 0.58526698 0.76709495 0.46643167 1.
  0.69434768 0.63254249 0.80423373 0.66768339 0.84024478 0.6631767
  0.61489119 0.88138789]
 [0.32236904 0.30953474 1.         0.51041185 0.46499476 0.61715131
  0.74687175 0.30921815 0.17977122 0.40743278 0.38048089 0.45836001
  1.         0.7582152  0.7109542  0.74207551 0.86920806 0.47425977
  0.09624275 0.67113668]
 [0.74752455 0.         0.46713964 1.         0.21588556 0.74445998
  0.26695669 0.29354071 0.1072753  0.         0.75162733 0.42210441
  0.7854205  1.         0.69471471 0.86037905 0.6797776  0.58598316
  0.19793233 0.61764534]
 [0.         0.58499823 0.37240905 0.15488551 1.         0.05110226
  0.41957624 0.5962953  0.77566409 0.51159761 0.40566829 0.78193964
  0.81831357 0.7837767  1.         0.63986057 0.81717377 0.88182282
  0.62228467 0.89095528]
 [0.57103868 0.20513775 0.53324158 0.71375267 0.03345474 1.
  0.35612546 0.44262695 0.         0.2202923  0.56374192 0.34839669
  0.71460867 0.82592373 0.37322836 1.         0.59519352 0.48006406
  0.         0.53041807]
 [0.28081712 0.706864   0.76647863 0.3786544  0.54352957 0.51278307
  1.         0.14207813 0.24330453 0.80280686 0.32700938 0.74773865
  0.88345501 0.67848214 0.7408237  0.6740043  1.         0.46042618
  0.19468756 0.82500637]
 [0.15011526 0.08662188 0.31131666 0.35288231 0.61392662 0.44549757
  0.07287078 1.         0.49161758 0.20637843 0.43876418 0.43259982
  0.68793611 0.72309481 0.85126591 0.61519287 0.64057311 1.
  0.71403956 0.84028596]
 [0.18787367 0.55422692 0.         0.         0.76684477 0.
  0.         0.37830574 1.         0.29046297 0.06929689 0.29704304
  0.         0.         0.335099   0.         0.         0.46693293
  1.         0.05370086]
 [0.213686   0.79250071 0.44440659 0.13853642 0.60962805 0.40036594
  0.79958728 0.25362984 0.45433068 1.         0.49560948 0.88787411
  0.82456781 0.77017302 0.9074572  0.77361012 0.89523808 0.85646274
  0.54378025 1.        ]]"
17,"[3, 6, 7, 9]","[0, 3, 6, 7, 9]",[6 7 9],1.0,0.75,[],[3],"[3, 2, 2, 2, 1, 1, 3, 2, 3, 1]","[[0.33662727]
 [0.20746405]
 [0.26273885]
 [0.87857372]
 [0.29082011]
 [0.        ]
 [0.95182683]
 [0.8711938 ]
 [0.18408838]
 [1.        ]]","[258, 224, 294, 600, 272, 119, 600, 600, 292, 600]","[[1.00000000e+00 4.89764356e-01 3.84524768e-01 2.60911569e-01
  4.34075976e-01 5.89702642e-01 2.44346319e-01 3.92941734e-01
  7.11995516e-01 1.85903905e-01 1.00000000e+00 7.02211480e-01
  5.47044946e-01 8.37060247e-01 7.07133340e-01 8.42994467e-01
  6.45911649e-01 6.26332561e-01 8.60772784e-01 6.10368327e-01]
 [4.12933439e-01 1.00000000e+00 6.70280612e-01 2.89006476e-01
  4.34337364e-01 6.75937326e-01 5.63233677e-03 3.80601014e-01
  2.89347415e-01 6.33179088e-02 3.16510239e-01 1.00000000e+00
  6.64579850e-01 0.00000000e+00 5.05872811e-01 6.39047397e-01
  1.95428933e-01 1.23929443e-02 4.01985908e-01 0.00000000e+00]
 [3.62003850e-01 7.02945994e-01 1.00000000e+00 7.98411401e-02
  1.48715254e-01 6.02969065e-01 2.50903183e-01 3.17593684e-01
  1.87018054e-01 1.56115232e-01 0.00000000e+00 6.77366116e-01
  1.00000000e+00 2.03730953e-01 1.95269951e-01 5.02487183e-01
  1.41750185e-01 0.00000000e+00 0.00000000e+00 3.81201480e-02]
 [2.69024843e-01 3.88839457e-01 8.15409296e-02 1.00000000e+00
  7.22661171e-01 5.57382742e-01 2.80571130e-01 1.33779745e-01
  5.02581130e-01 3.69070023e-01 8.03091068e-01 4.73480691e-01
  2.43168364e-01 1.00000000e+00 6.38949396e-01 6.51092919e-01
  8.65484945e-01 8.37847793e-01 8.00351358e-01 7.99467827e-01]
 [4.27627705e-01 5.02765314e-01 1.69407802e-01 7.16387781e-01
  1.00000000e+00 6.06130032e-01 2.27975130e-01 9.85732555e-02
  6.08376420e-01 1.76627904e-01 3.92220681e-01 5.53223137e-01
  2.43548109e-01 3.79980004e-01 1.00000000e+00 6.47646145e-01
  1.02267721e-01 1.74616840e-02 5.11051101e-01 9.58261912e-02]
 [4.96008729e-01 6.54031358e-01 5.29520007e-01 4.50273807e-01
  5.21637987e-01 1.00000000e+00 1.32135310e-01 4.20765779e-01
  5.04642948e-01 0.00000000e+00 7.38741160e-01 7.38312998e-01
  6.25013684e-01 5.19572947e-01 7.17473572e-01 1.00000000e+00
  3.18399304e-01 2.57727501e-01 7.85052845e-01 2.75010071e-01]
 [1.30681523e-01 6.95815363e-05 1.68644868e-01 1.63169006e-01
  1.21853599e-01 1.87199806e-01 1.00000000e+00 8.51095718e-02
  5.71531660e-01 8.02965936e-01 3.69510450e-01 1.12106773e-01
  3.07794441e-01 8.01802221e-01 2.29740416e-01 2.70642852e-01
  1.00000000e+00 8.75945661e-01 4.30012537e-01 9.31184686e-01]
 [3.53500046e-01 4.26686641e-01 2.98910147e-01 6.72607695e-02
  5.08210749e-02 4.97810039e-01 1.53063018e-01 1.00000000e+00
  0.00000000e+00 4.91660816e-01 4.40108107e-01 3.55268268e-01
  3.21305963e-01 7.98950304e-01 2.90597958e-01 3.31615672e-01
  8.95608623e-01 1.00000000e+00 3.41543588e-01 9.24790853e-01]
 [6.93283337e-01 3.09221139e-01 1.64759499e-01 4.64383231e-01
  5.87630552e-01 5.70530650e-01 5.80324318e-01 0.00000000e+00
  1.00000000e+00 3.33414868e-01 8.39149109e-01 6.08543565e-01
  4.76695533e-01 8.09134547e-01 7.27800816e-01 8.50763520e-01
  6.28478301e-01 4.92299678e-01 1.00000000e+00 5.71488993e-01]
 [0.00000000e+00 0.00000000e+00 0.00000000e+00 2.16391266e-01
  0.00000000e+00 0.00000000e+00 7.89617591e-01 4.13673162e-01
  2.31149640e-01 1.00000000e+00 1.05710122e-01 0.00000000e+00
  0.00000000e+00 6.19136146e-01 0.00000000e+00 0.00000000e+00
  9.11296062e-01 8.84793813e-01 1.48692004e-01 1.00000000e+00]]"
18,"[0, 2, 4, 7, 9]","[0, 1, 2, 4, 7, 9]",[0 2 4 7 9],1.0,1.0,[],[],"[1, 2, 2, 1, 3, 2, 1, 3, 3, 2]","[[0.81946895]
 [0.68111013]
 [0.94674536]
 [0.        ]
 [0.91386353]
 [0.33414796]
 [0.1887514 ]
 [0.89834414]
 [0.2721144 ]
 [0.89381984]]","[600, 309, 600, 230, 600, 199, 201, 600, 151, 600]","[[1.         0.         0.42828867 0.4040092  0.88965316 0.0945492
  0.07939381 0.83565284 0.15354426 0.33911631 1.         0.
  0.7564351  0.         0.9200507  0.         0.         0.92947788
  0.         0.84166439]
 [0.         1.         0.39180018 0.55975686 0.21071003 0.73929844
  0.72844879 0.         0.72292536 0.27053181 0.         1.
  0.14583322 0.37849523 0.05629082 0.6621736  0.58161298 0.
  0.58156603 0.        ]
 [0.41220431 0.37468926 1.         0.         0.53425767 0.28932317
  0.         0.41756102 0.         0.79527339 0.84013772 0.43937303
  1.         0.15952166 0.8733058  0.33484071 0.19313954 0.80100338
  0.23012857 0.88668054]
 [0.38724177 0.54737119 0.         1.         0.28810498 0.78234528
  0.76787939 0.41641802 0.73761007 0.         0.33423382 0.58622314
  0.14745571 1.         0.37756501 0.80115756 0.85545083 0.48373898
  0.87023938 0.19749332]
 [0.88273861 0.16125113 0.51861621 0.26419671 1.         0.
  0.08440078 0.63713711 0.07969328 0.57019417 0.94724858 0.3773304
  0.87263653 0.38313269 1.         0.33132693 0.40160126 0.94313278
  0.26596725 0.910047  ]
 [0.03781134 0.72296221 0.2654558  0.77503556 0.         1.
  0.81553484 0.13939614 0.73936844 0.32772169 0.01325338 0.66665094
  0.         0.70529127 0.         1.         0.78014901 0.12136832
  0.7169681  0.0770429 ]
 [0.15035157 0.7493792  0.10233194 0.79163274 0.20480176 0.83979195
  1.         0.08228178 0.98297303 0.13832049 0.2500427  0.6862276
  0.07805787 0.8371715  0.31984527 0.83290659 1.         0.3158057
  0.982471   0.22994292]
 [0.84530939 0.05875701 0.46678471 0.46573832 0.67859769 0.23772853
  0.06406488 1.         0.11083313 0.23100912 0.9438448  0.20372215
  0.75857679 0.38253515 0.93137108 0.29096799 0.27354695 1.
  0.3025795  0.82293783]
 [0.21061311 0.74160604 0.0929399  0.76199661 0.13114419 0.77127312
  0.98279495 0.11901771 1.         0.08523286 0.36232827 0.73317648
  0.25203021 0.8757151  0.53984882 0.81709444 0.98509549 0.44149478
  1.         0.36034688]
 [0.39317112 0.33019626 0.81716223 0.10691743 0.62501824 0.41910862
  0.14272214 0.24982835 0.09932914 1.         0.89701178 0.34955747
  0.88769939 0.21596428 0.92168569 0.39160618 0.33212481 0.85536611
  0.3475364  1.        ]]"
19,"[1, 5]","[0, 1, 3, 5, 9]",[1 2 3 5 8 9],1.0,1.0,[],[],"[1, 1, 1, 1, 3, 1, 2, 2, 1, 2]","[[1.        ]
 [0.87037047]
 [0.40343312]
 [0.87456133]
 [0.25333089]
 [0.95104501]
 [0.20533162]
 [0.44818354]
 [0.        ]
 [0.5947709 ]]","[267, 600, 195, 286, 170, 600, 300, 261, 302, 277]","[[1.         0.1136027  0.17439904 0.23151917 0.92284251 0.08326198
  0.56002501 0.74006127 0.08207143 0.12202662 1.         0.27679014
  0.33597249 0.12882917 0.9095331  0.09113558 0.57787583 0.63243305
  0.50064885 0.00677736]
 [0.08475818 1.         0.26768113 0.07723376 0.18442124 0.85470871
  0.15632133 0.04358754 0.70189597 0.01870764 0.16984151 1.
  0.17096    0.         0.25536522 0.9617388  0.03021112 0.
  0.66274991 0.00952386]
 [0.22381413 0.33321115 1.         0.36288255 0.1053373  0.53417348
  0.30444413 0.26354127 0.56937509 0.50955253 0.59179189 0.55600879
  1.         0.46445141 0.58811205 0.58231627 0.52715183 0.64777481
  0.87231228 0.58129962]
 [0.22516615 0.09892732 0.31671875 1.         0.17431213 0.32065484
  0.3580144  0.5819239  0.         0.69851222 0.         0.
  0.         1.         0.         0.04366421 0.09535978 0.38506932
  0.         0.63349905]
 [0.9189199  0.16996826 0.         0.13944908 1.         0.03665585
  0.74873554 0.74836698 0.23181681 0.13779554 0.92034062 0.42879256
  0.41002888 0.23290254 1.         0.25941971 0.82552936 0.75517408
  0.69345209 0.34617824]
 [0.         0.84650759 0.45951524 0.26502985 0.         1.
  0.         0.         0.60119519 0.25853726 0.10718899 0.96725671
  0.33255968 0.18158389 0.17379966 1.         0.         0.09926211
  0.69263172 0.16489205]
 [0.52006468 0.10869901 0.19296713 0.30544845 0.73917482 0.
  1.         0.75209812 0.44206024 0.09031675 0.58533187 0.17007096
  0.24440933 0.22582409 0.80535844 0.         1.         0.61390316
  0.5969836  0.        ]
 [0.71937058 0.         0.15430245 0.55234646 0.74148032 0.01029117
  0.75464927 1.         0.09284232 0.02598939 0.76700768 0.44778463
  0.63681323 0.66042583 0.8237556  0.41877651 0.75086143 1.
  0.70860973 0.4238178 ]
 [0.0744829  0.70890418 0.53817313 0.         0.26293781 0.63137806
  0.48428693 0.15278013 1.         0.06849849 0.58253238 0.75437524
  0.82635178 0.27168364 0.70894981 0.73841349 0.65701192 0.61568563
  1.         0.37774754]
 [0.23107462 0.16767327 0.54312246 0.73812321 0.15790147 0.4046979
  0.26963778 0.20985947 0.19088387 1.         0.25883086 0.35610054
  0.49174868 0.76174109 0.39734339 0.36561501 0.2403557  0.32169441
  0.44458117 1.        ]]"
20,[0],"[0, 1, 2, 3, 7]",[2 3 4 7 9],1.0,0.0,[],[0],"[1, 3, 1, 1, 2, 2, 2, 1, 1, 4]","[[1.        ]
 [0.5702584 ]
 [0.45033055]
 [0.52386319]
 [0.37335241]
 [0.        ]
 [0.2562147 ]
 [0.74140269]
 [0.01682485]
 [0.37380024]]","[600, 398, 358, 279, 251, 119, 239, 433, 157, 151]","[[1.         0.41109619 0.01066824 0.         0.         0.15879324
  0.34534063 0.0834139  0.0938511  0.         1.         0.
  0.         0.         0.         0.         0.07108841 0.
  0.         0.        ]
 [0.39464306 1.         0.         0.11769511 0.10882666 0.68468327
  0.92513732 0.         0.68283506 0.13018324 0.54617244 1.
  0.69629028 0.77363795 0.72538812 0.90382409 0.86840018 0.57612965
  0.86062287 0.80679066]
 [0.         0.01668906 1.         0.48942439 0.79490367 0.31655504
  0.         0.84087942 0.36080811 0.66925469 0.14013425 0.42456209
  1.         0.87215856 0.91451876 0.77750537 0.28824331 0.89387633
  0.7498072  0.8780096 ]
 [0.14217546 0.26370818 0.56668827 1.         0.5185193  0.41771216
  0.23415575 0.60004984 0.3190951  0.38299978 0.26293274 0.63236244
  0.89041576 1.         0.85908885 0.80953224 0.48071996 0.84045711
  0.71504965 0.86941383]
 [0.04647321 0.17333812 0.80652149 0.4648034  1.         0.65110464
  0.2466322  0.57931895 0.59509005 0.26672515 0.24073965 0.54057018
  0.92452018 0.85484602 1.         0.87036481 0.48771836 0.79415584
  0.82750363 0.78975782]
 [0.1977842  0.70747138 0.35518675 0.35266703 0.65106    1.
  0.73522203 0.0722707  0.92335816 0.04893881 0.31388203 0.85459672
  0.82246349 0.8226982  0.88285305 1.         0.80923763 0.6217563
  0.95565626 0.80780684]
 [0.34351959 0.92696945 0.00791622 0.10474164 0.20771662 0.72158047
  1.         0.05545751 0.65190323 0.1041859  0.4103735  0.81593677
  0.47458373 0.55280481 0.57172702 0.82351958 1.         0.36525014
  0.78338375 0.58122677]
 [0.05780576 0.         0.83817877 0.5207362  0.54648962 0.
  0.03176165 1.         0.         0.79999994 0.         0.06601012
  0.87658112 0.78354365 0.72888857 0.44871914 0.         1.
  0.41086935 0.8248499 ]
 [0.17161045 0.71793246 0.42189298 0.27435694 0.61179548 0.92652958
  0.68265716 0.11065993 1.         0.09622057 0.1865067  0.75016422
  0.76330007 0.68550333 0.81518244 0.947424   0.72238534 0.52074617
  1.         0.680218  ]
 [0.09550579 0.23463889 0.70403427 0.34943205 0.30443186 0.09796
  0.19198897 0.8240178  0.10580301 1.         0.27182038 0.68998996
  0.89669211 0.87098845 0.7983642  0.79602466 0.51958692 0.87245926
  0.71375457 1.        ]]"
21,"[1, 4]","[1, 2, 3, 4, 8]",[1 3 4],1.0,1.0,[],[],"[1, 2, 2, 2, 3, 2, 3, 2, 1, 3]","[[0.30223627]
 [1.        ]
 [0.31705732]
 [0.35926875]
 [0.87038018]
 [0.03534859]
 [0.17561875]
 [0.        ]
 [0.45613698]
 [0.29598288]]","[289, 600, 281, 395, 600, 144, 294, 230, 404, 180]","[[1.         0.49489329 0.26480859 0.06650137 0.3712824  0.38936557
  0.53408444 0.6783734  0.         0.55529477 1.         0.34592004
  0.27874732 0.11992174 0.18767199 0.58622807 0.52071795 0.6816358
  0.21059134 0.60447308]
 [0.37421793 1.         0.         0.4722383  0.91284005 0.
  0.         0.         0.08988119 0.06450399 0.         1.
  0.         0.43714661 0.92901488 0.         0.         0.
  0.         0.        ]
 [0.08916349 0.         1.         0.44212653 0.067964   0.57149299
  0.68417719 0.70173885 0.69431738 0.81152016 0.06787067 0.15468305
  1.         0.31858349 0.21573725 0.76062996 0.83442141 0.82851539
  0.77536084 0.86543833]
 [0.         0.54366455 0.51762808 1.         0.58410474 0.05515293
  0.02864091 0.04247929 0.61992054 0.22175689 0.46756992 0.77727579
  0.68101871 1.         0.82868211 0.6624583  0.57038063 0.67491534
  0.76943891 0.60429446]
 [0.21714304 0.91240006 0.06325907 0.51658019 1.         0.11334833
  0.12180928 0.02200846 0.0205239  0.         0.04203726 0.94524606
  0.28436752 0.66605217 1.         0.31617741 0.19627626 0.20162773
  0.36567934 0.22865613]
 [0.37032423 0.16766968 0.64334066 0.09048278 0.26571959 1.
  0.62026447 0.61282847 0.40709891 0.80558823 0.50761335 0.22164793
  0.77959253 0.3360561  0.3099644  1.         0.79823428 0.82471173
  0.70164402 0.85114237]
 [0.50036053 0.14526527 0.72662866 0.02760424 0.24366954 0.60509277
  1.         0.93015    0.07213249 0.72009083 0.33353762 0.06429686
  0.82184422 0.01252288 0.052293   0.76423104 1.         0.92267501
  0.33940927 0.79487538]
 [0.64017602 0.09697841 0.73066374 0.         0.12128827 0.57994527
  0.92712889 1.         0.19715003 0.80542465 0.64288763 0.26631184
  0.85116088 0.39725189 0.24060293 0.83477024 0.93762421 1.
  0.624788   0.8813177 ]
 [0.00533038 0.26930363 0.7545802  0.64708758 0.2175693  0.428093
  0.13937242 0.28620236 1.         0.67467086 0.28515998 0.40770533
  0.84260037 0.65489463 0.51292185 0.77296308 0.56981529 0.69709737
  1.         0.83344407]
 [0.44626877 0.05978159 0.81056876 0.09540167 0.         0.78454715
  0.67499176 0.78344092 0.59274083 1.         0.39529271 0.
  0.84081513 0.         0.         0.80091469 0.77447096 0.83823876
  0.71879549 1.        ]]"
22,"[0, 5]","[0, 2, 5, 7, 9]",[1 3 4 6 8],1.0,0.0,[],"[0, 5]","[2, 2, 2, 1, 2, 1, 3, 2, 2, 3]","[[0.86790869]
 [0.42496217]
 [0.58732655]
 [0.0917155 ]
 [0.28423378]
 [0.94611147]
 [0.08205501]
 [0.6798484 ]
 [0.28305494]
 [0.57457843]]","[600, 162, 180, 250, 272, 600, 139, 286, 289, 292]","[[1.         0.29751484 0.33805465 0.21560108 0.45406337 0.74624139
  0.         0.         0.         0.         1.         0.16559576
  0.         0.         0.25558263 0.58081213 0.         0.
  0.         0.        ]
 [0.2578525  1.         0.         0.67595201 0.33360278 0.33712185
  0.60708844 0.11185251 0.65390492 0.55185942 0.60371825 1.
  0.62797709 0.8733483  0.75018047 0.76975356 0.74655234 0.52507222
  0.85971001 0.69921291]
 [0.30068119 0.         1.         0.17052171 0.04009573 0.32338786
  0.22579944 0.86418273 0.38658956 0.41220909 0.57404291 0.66633707
  1.         0.65388522 0.57768722 0.75973577 0.60732347 0.85487879
  0.7942052  0.6481458 ]
 [0.21914608 0.69465622 0.21839962 1.         0.7424564  0.
  0.49370297 0.32067593 0.78747155 0.23213734 0.43400679 0.84906336
  0.54009777 1.         0.84988541 0.44205381 0.63780479 0.53778028
  0.92338171 0.48950219]
 [0.51510637 0.43974683 0.19298971 0.77021473 1.         0.18223582
  0.50810966 0.1349879  0.34126786 0.10959473 0.55269722 0.68392954
  0.40426451 0.84063359 1.         0.43115341 0.71971371 0.39912366
  0.67514113 0.3933245 ]
 [0.74738817 0.37538351 0.36244226 0.         0.08344892 1.
  0.18294043 0.13390418 0.06635851 0.27283347 0.80315807 0.77234654
  0.73513037 0.53709699 0.55545169 1.         0.59899992 0.53042074
  0.59602828 0.62154048]
 [0.         0.62808667 0.26717476 0.49140443 0.44618581 0.17923105
  1.         0.44183491 0.43082197 0.76202398 0.30456802 0.62887913
  0.358903   0.55497322 0.67560705 0.40613161 1.         0.49227299
  0.56193119 0.73623553]
 [0.00402796 0.1627037  0.87195905 0.32034059 0.03001479 0.13347663
  0.44408321 1.         0.59276501 0.62014429 0.         0.
  0.65930557 0.1833476  0.         0.         0.26991132 1.
  0.52685597 0.52365875]
 [0.02797198 0.68156479 0.43561318 0.79247858 0.27908609 0.08835423
  0.44674304 0.60255529 1.         0.38595456 0.36858726 0.81348557
  0.69494238 0.91452589 0.65863188 0.45680546 0.6022584  0.70125084
  1.         0.55203196]
 [0.00249177 0.57686622 0.44500856 0.23057333 0.         0.27135235
  0.76343828 0.61955835 0.36985827 1.         0.09860739 0.42911897
  0.25542083 0.18698856 0.08990789 0.27351856 0.63514706 0.57062952
  0.36048949 1.        ]]"
23,"[5, 6, 7]","[2, 3, 4, 5, 6, 7]",[3 4 5 6 7 8],1.0,1.0,[],[],"[2, 2, 1, 2, 2, 1, 1, 3, 1, 2]","[[0.35468783]
 [0.37378943]
 [0.87949766]
 [0.50367943]
 [0.80418262]
 [1.        ]
 [0.67973667]
 [0.84080235]
 [0.        ]
 [0.13481947]]","[250, 259, 244, 276, 433, 600, 600, 600, 255, 286]","[[1.         0.64416172 0.75897954 0.39552266 0.24986263 0.40852631
  0.26199965 0.30062068 0.27070004 0.38812545 1.         0.73187378
  0.71876904 0.77008277 0.19917954 0.66583805 0.40011237 0.49066554
  0.50658553 0.37216459]
 [0.56014812 1.         0.69613569 0.04049137 0.23788919 0.32419998
  0.17023627 0.42047849 0.06468813 0.78563857 0.78588726 1.
  0.79287397 0.70086489 0.36050319 0.67360283 0.5716825  0.64753395
  0.46027515 0.7407254 ]
 [0.6814693  0.67511979 1.         0.38448742 0.30907934 0.50985728
  0.         0.2891926  0.         0.46483356 0.70836186 0.73102455
  1.         0.68226967 0.16954453 0.57053923 0.17974423 0.30052269
  0.08276147 0.45715545]
 [0.41359595 0.24697036 0.54818927 1.         0.32399431 0.50851077
  0.27264489 0.4171235  0.56553339 0.1454377  0.81383479 0.69668689
  0.75191272 1.         0.43250498 0.75906403 0.45843167 0.62704454
  0.73935595 0.35157138]
 [0.         0.17809131 0.30306853 0.07104942 1.         0.
  0.38172331 0.         0.59647037 0.25231976 0.         0.
  0.         0.12481497 1.         0.         0.         0.
  0.43105975 0.        ]
 [0.27238053 0.32743646 0.5437592  0.37674473 0.07719557 1.
  0.45504186 0.82931699 0.21608641 0.         0.62675092 0.54345361
  0.53742298 0.66763416 0.10550708 1.         0.84023147 0.86850218
  0.43747694 0.17204889]
 [0.03328637 0.12069007 0.00883951 0.01786581 0.3924739  0.41972276
  1.         0.71139986 0.68440646 0.07341033 0.34203592 0.41170538
  0.13243827 0.26640135 0.12165034 0.84311487 1.         0.94688531
  0.38102868 0.2552315 ]
 [0.06766504 0.37500724 0.28300881 0.1990253  0.         0.81503887
  0.7062929  1.         0.38117019 0.22834168 0.45908733 0.53125336
  0.28366439 0.51083649 0.14952949 0.87497384 0.94857119 1.
  0.58126245 0.40626746]
 [0.03616324 0.         0.         0.40811578 0.59995072 0.1578361
  0.68159189 0.3865074  1.         0.24898827 0.60652468 0.46101732
  0.29464668 0.74329967 0.63666483 0.5983903  0.54996751 0.6855704
  1.         0.36138256]
 [0.30539869 0.80313615 0.54031032 0.         0.36330724 0.07720688
  0.19699289 0.3428885  0.35490655 1.         0.21600978 0.59456467
  0.34632913 0.         0.         0.07439053 0.15208199 0.30187757
  0.         1.        ]]"
24,"[0, 1, 3, 8, 9]","[0, 1, 3, 8, 9]",[0 1 3 8 9],1.0,1.0,[],[],"[1, 3, 2, 2, 3, 3, 3, 1, 2, 1]","[[0.79278711]
 [0.91904914]
 [0.00319449]
 [0.87021065]
 [0.02356573]
 [0.28188539]
 [0.06062119]
 [0.23486324]
 [0.82909799]
 [0.9629392 ]]","[600, 600, 146, 600, 144, 250, 113, 370, 600, 600]","[[1.         0.45759978 0.37115498 0.4270033  0.24229901 0.12992409
  0.3310353  0.24877461 0.49489402 0.54852029 1.         0.93312397
  0.62767443 0.90852855 0.49719053 0.40707351 0.64605075 0.41987253
  0.83805065 0.82738101]
 [0.34323367 1.         0.         0.72100053 0.16479597 0.27860893
  0.12981259 0.         0.6437692  0.74992548 0.9389222  1.
  0.66968111 0.90310879 0.58778611 0.58270064 0.73996347 0.47017031
  0.85081959 0.82473442]
 [0.24511882 0.00861128 1.         0.18038841 0.81478866 0.64918045
  0.82395151 0.67978579 0.13255424 0.11664019 0.52240268 0.53606241
  1.         0.3296866  0.8662194  0.72601951 0.86980079 0.66749028
  0.31863553 0.25584665]
 [0.30476907 0.72043084 0.17158094 1.         0.11400802 0.02658168
  0.04724809 0.05380512 0.80061905 0.71276267 0.86885044 0.84789173
  0.25076133 1.         0.24338975 0.22742796 0.29607749 0.16822718
  0.92258707 0.96798476]
 [0.06750154 0.15110917 0.81011836 0.10132411 1.         0.89612166
  0.7334337  0.69097834 0.         0.09721772 0.18155737 0.26532619
  0.83023861 0.14103449 1.         0.84217491 0.80675458 0.67406321
  0.05794952 0.05570384]
 [0.         0.31526487 0.66411418 0.07792678 0.90298981 1.
  0.75933096 0.56524107 0.16405819 0.19405659 0.00616628 0.23414292
  0.64199136 0.09682778 0.837481   1.         0.61943295 0.38450282
  0.20005619 0.02761935]
 [0.14807702 0.08479385 0.81323544 0.         0.74858223 0.73332979
  1.         0.83303991 0.13270924 0.         0.63569169 0.70694471
  0.8955286  0.494674   0.86852829 0.76630663 1.         0.80223449
  0.4863327  0.4028939 ]
 [0.09037735 0.         0.67700434 0.05573339 0.69596075 0.54196708
  0.84125258 1.         0.12882768 0.20003159 0.         0.
  0.55317043 0.         0.65483626 0.36702033 0.66879335 1.
  0.04722835 0.        ]
 [0.37836881 0.63793152 0.1106809  0.79776465 0.         0.01664318
  0.16185752 0.11455146 1.         0.61045192 0.7549559  0.75284809
  0.19627865 0.91830466 0.12430188 0.2196589  0.24487495 0.16367073
  1.         0.92099321]
 [0.42504299 0.73698804 0.0628701  0.69851823 0.06582143 0.10698485
  0.         0.1586456  0.59690455 1.         0.70244644 0.66920394
  0.         0.96150963 0.         0.         0.         0.
  0.90999307 1.        ]]"
25,"[0, 6]","[0, 1, 2, 3, 6]",[0 1 3 6],1.0,1.0,[],[],"[1, 1, 3, 1, 4, 1, 3, 2, 2, 3]","[[1.        ]
 [0.79950022]
 [0.53397267]
 [0.70654114]
 [0.04546589]
 [0.00992652]
 [0.92642591]
 [0.08585478]
 [0.07361089]
 [0.07619388]]","[600, 287, 180, 293, 113, 234, 600, 284, 169, 266]","[[1.00000000e+00 3.76261745e-01 2.79151508e-01 7.01683130e-01
  0.00000000e+00 7.64709437e-02 6.88126164e-01 0.00000000e+00
  0.00000000e+00 2.76692919e-02 1.00000000e+00 0.00000000e+00
  1.54994564e-01 1.57239184e-01 0.00000000e+00 0.00000000e+00
  3.60436012e-01 0.00000000e+00 0.00000000e+00 0.00000000e+00]
 [4.89889236e-01 1.00000000e+00 0.00000000e+00 5.01411829e-01
  9.43460644e-02 2.71252406e-01 2.21510454e-01 4.55512131e-01
  3.99694034e-01 1.88220373e-01 4.04272914e-01 1.00000000e+00
  0.00000000e+00 8.39994125e-04 2.83860140e-01 3.98075986e-01
  1.93149850e-02 5.63339137e-01 4.67707617e-01 2.38002485e-01]
 [4.49262370e-01 6.58026382e-02 1.00000000e+00 7.27214776e-01
  6.02882824e-01 3.70797499e-01 2.68265251e-01 5.93770524e-01
  3.93155037e-01 4.00369006e-01 5.19001930e-01 4.44872549e-02
  1.00000000e+00 7.39604833e-01 8.35048013e-01 7.23014037e-01
  4.42992285e-01 7.45338703e-01 7.58959183e-01 7.94844389e-01]
 [7.25513557e-01 4.39051555e-01 6.71479017e-01 1.00000000e+00
  1.80455485e-01 0.00000000e+00 4.32297736e-01 3.24424990e-01
  6.74001126e-02 0.00000000e+00 7.42956970e-01 4.88448701e-01
  8.60475465e-01 1.00000000e+00 7.67147493e-01 6.75758574e-01
  8.26229163e-01 7.20368337e-01 7.42816344e-01 7.16092809e-01]
 [9.69748924e-02 0.00000000e+00 5.30627373e-01 1.95679210e-01
  1.00000000e+00 8.38795605e-01 2.19347476e-01 8.63540965e-01
  8.47234690e-01 6.70670966e-01 2.27907196e-01 7.18460764e-02
  7.76260210e-01 4.10547347e-01 1.00000000e+00 9.25380870e-01
  3.23318263e-01 9.02914686e-01 9.52455343e-01 8.98368249e-01]
 [1.50245155e-01 1.80105237e-01 2.42238090e-01 0.00000000e+00
  8.35744474e-01 1.00000000e+00 1.79813807e-01 7.30895838e-01
  8.26043206e-01 9.37582253e-01 5.93393090e-02 4.95542813e-02
  5.42272585e-01 0.00000000e+00 9.09089578e-01 1.00000000e+00
  5.24781179e-02 7.95121229e-01 8.98335808e-01 9.33701153e-01]
 [7.31632495e-01 1.80891174e-01 1.75854563e-01 4.69080736e-01
  2.56109761e-01 2.32955969e-01 1.00000000e+00 2.75082618e-01
  3.57221358e-02 1.14578232e-01 7.61517496e-01 3.86160666e-01
  6.35120133e-01 7.87554313e-01 6.73195918e-01 6.24397241e-01
  1.00000000e+00 6.27117054e-01 6.13825318e-01 6.12088640e-01]
 [0.00000000e+00 3.34227085e-01 4.68295057e-01 2.65772741e-01
  8.44028552e-01 7.07532643e-01 1.57562678e-01 1.00000000e+00
  8.07034725e-01 6.49848289e-01 0.00000000e+00 2.67011903e-01
  5.52617372e-01 8.31783733e-02 8.70161275e-01 7.82196947e-01
  0.00000000e+00 1.00000000e+00 8.51517360e-01 7.20155342e-01]
 [1.07622276e-01 3.44972863e-01 2.91196696e-01 9.55157766e-02
  8.49035914e-01 8.31287534e-01 0.00000000e+00 8.27802088e-01
  1.00000000e+00 8.56913342e-01 2.20519596e-01 3.03520871e-01
  6.69925510e-01 3.42725064e-01 9.52000422e-01 9.15755760e-01
  1.92734342e-01 8.84260692e-01 1.00000000e+00 9.44989770e-01]
 [1.69512004e-01 1.52196124e-01 3.29648371e-01 7.17258169e-02
  6.54484452e-01 9.42059217e-01 1.21142164e-01 7.00928143e-01
  8.63047618e-01 1.00000000e+00 2.50626091e-01 4.14720602e-02
  7.29916448e-01 3.02453017e-01 8.97857642e-01 9.47183266e-01
  2.20423849e-01 7.90291714e-01 9.47114474e-01 1.00000000e+00]]"
26,"[3, 4, 7]","[0, 3, 4, 7, 8]",[3 4 7 8],1.0,1.0,[],[],"[2, 3, 4, 1, 2, 1, 3, 3, 1, 4]","[[0.47907653]
 [0.04931674]
 [0.1793554 ]
 [0.86015726]
 [0.9755225 ]
 [0.16760399]
 [0.08722925]
 [0.85545068]
 [0.53595942]
 [0.27977519]]","[404, 116, 139, 600, 600, 201, 338, 600, 375, 180]","[[1.         0.39026699 0.37717554 0.50752226 0.53031225 0.4023306
  0.46156823 0.15101251 0.         0.73205775 1.         0.60398618
  0.45741671 0.77300174 0.74432959 0.73751959 0.55626337 0.55166374
  0.03807075 0.81946887]
 [0.48218673 1.         0.56517929 0.30864938 0.12676578 0.67059972
  0.91573433 0.29673876 0.32554749 0.71407215 0.74372914 1.
  0.61515762 0.64579596 0.52661029 0.89998467 0.92207456 0.42283426
  0.37751053 0.76525595]
 [0.37039343 0.49445436 1.         0.         0.27026747 0.10426083
  0.52987715 0.23855144 0.72745637 0.76836582 0.67501624 0.63111225
  1.         0.39856797 0.42384627 0.51727451 0.56773732 0.27441788
  0.6375679  0.85349862]
 [0.50215955 0.17705942 0.         1.         0.73273124 0.34539272
  0.13150305 0.81014857 0.2351195  0.12238289 0.81373938 0.55087922
  0.17607094 1.         0.91949996 0.7294258  0.31163021 0.9459657
  0.21070083 0.40302151]
 [0.54321488 0.         0.2979584  0.7428732  1.         0.14362703
  0.         0.66643804 0.25977368 0.23794593 0.7342108  0.23952173
  0.         0.89801074 1.         0.49683893 0.         0.90767763
  0.         0.14340139]
 [0.56054879 0.71480611 0.3484802  0.52386852 0.35254459 1.
  0.58253843 0.29837515 0.26614214 0.56048105 0.83266327 0.90146919
  0.48619379 0.78977602 0.69143652 1.         0.78860786 0.62990436
  0.38675008 0.7324195 ]
 [0.47635927 0.90350157 0.54771672 0.16445963 0.         0.44783408
  1.         0.18419946 0.43858263 0.78118123 0.71165199 0.92175042
  0.53103096 0.45485133 0.37492115 0.78453033 1.         0.23354734
  0.41162133 0.82119773]
 [0.11029512 0.13218354 0.21062813 0.80318642 0.64056654 0.
  0.11729552 1.         0.61175899 0.         0.6842628  0.37189311
  0.14687393 0.95362404 0.93745797 0.5911712  0.05633804 1.
  0.32256907 0.20548918]
 [0.         0.20582191 0.73039217 0.2433588  0.23886483 0.001927
  0.42272454 0.62952686 1.         0.33717573 0.         0.
  0.3709455  0.         0.         0.         0.05871289 0.
  1.         0.        ]
 [0.68604363 0.64716821 0.77541442 0.09019953 0.17884011 0.37356987
  0.76420939 0.         0.30538673 1.         0.7912668  0.74587559
  0.83141373 0.49031619 0.42275369 0.70596382 0.80723773 0.20965158
  0.32611809 1.        ]]"
27,"[0, 1, 4, 9]","[0, 1, 4, 7, 9]",[0 1 4 9],1.0,1.0,[],[],"[2, 2, 3, 1, 1, 1, 1, 4, 2, 4]","[[0.89001823]
 [1.        ]
 [0.34010915]
 [0.03472818]
 [0.96544925]
 [0.0282599 ]
 [0.        ]
 [0.55299128]
 [0.44897323]
 [0.85939356]]","[600, 600, 259, 224, 600, 108, 253, 299, 443, 600]","[[1.         0.87177303 0.31135615 0.20493683 0.73396403 0.
  0.15761647 0.16065049 0.11091446 0.7386183  1.         0.94690002
  0.59240264 0.69482634 0.92871397 0.42395529 0.43782979 0.53230689
  0.3132825  0.89409599]
 [0.87743086 1.         0.15735658 0.03049142 0.87032308 0.04412357
  0.03235276 0.         0.29099667 0.56313064 0.93806332 1.
  0.46091485 0.41678869 0.96377859 0.         0.19387956 0.24432286
  0.19900158 0.87089807]
 [0.35511767 0.23199105 1.         0.56449451 0.0548118  0.54833607
  0.87325566 0.08904826 0.25605417 0.53667514 0.65572631 0.53331508
  1.         0.74708214 0.55120526 0.57180722 0.86989043 0.31454418
  0.3065773  0.74306078]
 [0.32195133 0.13501387 0.57368691 1.         0.07476229 0.70758885
  0.79182122 0.78637941 0.24827683 0.35467554 0.68687002 0.48696145
  0.7429976  1.         0.55722335 0.75999638 0.80093714 0.81127151
  0.29537876 0.77186551]
 [0.75478543 0.87495485 0.         0.         1.         0.18342397
  0.         0.11677878 0.41482681 0.45236147 0.91695223 0.96382277
  0.48221272 0.49727481 1.         0.16316406 0.27870129 0.34047161
  0.19997848 0.8789508 ]
 [0.         0.         0.48156874 0.65712595 0.11408775 1.
  0.7224143  0.60488134 0.76926234 0.10758368 0.68947518 0.53784615
  0.77140879 0.8739101  0.61278079 1.         0.78453436 0.66786452
  0.66822648 0.70123271]
 [0.22354591 0.06691497 0.86590571 0.77499968 0.         0.7441396
  1.         0.40383169 0.36797257 0.38143315 0.38446019 0.24328089
  0.85891605 0.78757729 0.3220777  0.56235072 1.         0.44960624
  0.24808901 0.64194948]
 [0.35502127 0.19610227 0.19652249 0.80751964 0.26368078 0.69638016
  0.50298954 1.         0.41286082 0.229862   0.38087115 0.1423644
  0.10137273 0.75651069 0.25057185 0.1843662  0.3345656  1.
  0.09092821 0.4424196 ]
 [0.19121834 0.3252634  0.22320779 0.19816234 0.42248102 0.79010295
  0.37623965 0.30493366 1.         0.         0.         0.
  0.         0.         0.         0.10376173 0.         0.
  1.         0.        ]
 [0.74737954 0.58424494 0.50627641 0.31165427 0.45952475 0.18818839
  0.38952419 0.08829626 0.         1.         0.87901295 0.83882373
  0.64923851 0.67623104 0.84869257 0.1929233  0.52381262 0.38664865
  0.         1.        ]]"
28,"[2, 3, 5, 6]","[2, 3, 5, 6, 9]",[1 2 3 5 6],1.0,1.0,[],[],"[1, 1, 4, 3, 2, 4, 2, 3, 2, 4]","[[0.        ]
 [0.48547989]
 [0.90597169]
 [0.87236609]
 [0.24958926]
 [0.90605775]
 [0.90217292]
 [0.48478076]
 [0.26781791]
 [0.64042701]]","[83, 299, 600, 600, 375, 600, 600, 257, 201, 282]","[[1.00000000e+00 3.98113435e-01 3.28686574e-01 9.82329576e-02
  8.91440765e-01 0.00000000e+00 8.05500399e-04 6.56560534e-01
  6.40990034e-01 5.73798153e-01 1.00000000e+00 6.86456807e-01
  5.18437658e-01 4.64933970e-01 8.82560761e-01 4.32755612e-01
  4.41791851e-01 7.27764851e-01 7.28619158e-01 6.87011731e-01]
 [4.27728977e-01 1.00000000e+00 3.89174352e-01 7.19246033e-01
  5.50292575e-01 1.71768851e-01 5.11064829e-01 4.11285635e-01
  1.07352980e-01 0.00000000e+00 7.47894854e-01 1.00000000e+00
  7.37075315e-01 8.12179250e-01 6.67095980e-01 7.42323397e-01
  7.18581477e-01 6.13262154e-01 4.44388234e-01 3.76686167e-01]
 [3.87764242e-01 4.14099975e-01 1.00000000e+00 6.00260787e-01
  2.47280100e-01 1.56888751e-01 7.30185596e-01 0.00000000e+00
  2.40563508e-01 2.37281561e-01 1.46840606e-01 4.20671775e-01
  1.00000000e+00 8.58179058e-01 7.17582310e-02 8.62635002e-01
  9.82615469e-01 1.10511461e-02 4.53923766e-02 7.68047409e-02]
 [4.31907874e-02 6.86693226e-01 5.34934221e-01 1.00000000e+00
  2.45753204e-01 5.15790919e-01 7.40238824e-01 1.43230555e-01
  0.00000000e+00 2.65530614e-02 3.36326076e-01 7.10261230e-01
  9.00708955e-01 1.00000000e+00 2.89259238e-01 9.53785472e-01
  9.04570079e-01 3.07621542e-01 2.17373283e-01 2.65430494e-01]
 [8.91353250e-01 5.26638517e-01 1.81257709e-01 2.88569550e-01
  1.00000000e+00 1.98346287e-01 0.00000000e+00 4.14792940e-01
  4.57071180e-01 2.57952121e-01 8.17569191e-01 3.56839057e-01
  2.95212572e-01 1.09879495e-01 1.00000000e+00 1.56561110e-01
  1.32876154e-01 4.36537546e-01 3.86363653e-01 2.24247412e-01]
 [1.02408478e-01 2.18114448e-01 1.70206056e-01 5.41057896e-01
  2.81022042e-01 1.00000000e+00 4.37952579e-01 4.01779709e-02
  2.82471889e-01 2.43771491e-01 7.61964855e-02 4.78084668e-01
  8.73727777e-01 9.42257093e-01 1.15743896e-01 1.00000000e+00
  8.88722005e-01 5.46308550e-02 2.71897672e-01 8.65732977e-02]
 [0.00000000e+00 4.85347440e-01 7.03911365e-01 7.54984693e-01
  0.00000000e+00 3.73322354e-01 1.00000000e+00 9.31990444e-02
  2.62037189e-01 1.76831797e-01 0.00000000e+00 3.72993311e-01
  9.82421204e-01 8.62170869e-01 0.00000000e+00 8.77593715e-01
  1.00000000e+00 0.00000000e+00 0.00000000e+00 2.13470766e-01]
 [6.86784274e-01 4.35308976e-01 0.00000000e+00 2.63578705e-01
  4.66722881e-01 3.15840063e-02 1.73666495e-01 1.00000000e+00
  6.73635775e-01 7.16951838e-01 5.12305312e-01 1.38339533e-01
  0.00000000e+00 0.00000000e+00 3.50193798e-01 0.00000000e+00
  0.00000000e+00 1.00000000e+00 3.69191856e-01 5.79364351e-01]
 [6.19076739e-01 3.85251577e-03 1.16454147e-01 0.00000000e+00
  4.24395846e-01 2.95377196e-01 2.17624034e-01 6.20300366e-01
  1.00000000e+00 7.57222366e-01 7.20622149e-01 2.88622888e-01
  4.45297624e-01 3.50438791e-01 5.93333025e-01 3.88802090e-01
  4.25342659e-01 6.37501469e-01 1.00000000e+00 7.24265441e-01]
 [5.94769212e-01 0.00000000e+00 2.04833649e-01 1.27694922e-01
  2.95032543e-01 1.98946691e-01 1.47060591e-01 7.11982225e-01
  7.82447143e-01 1.00000000e+00 5.96256422e-01 0.00000000e+00
  3.27807792e-01 2.36053249e-01 3.55807234e-01 2.76494446e-01
  4.71542822e-01 7.20224975e-01 6.54493691e-01 1.00000000e+00]]"
29,"[6, 7]","[1, 2, 6, 7, 8]",[6 7 8],1.0,1.0,[],[],"[2, 1, 1, 1, 1, 1, 1, 4, 3, 1]","[[0.17631592]
 [0.33389592]
 [0.32569762]
 [0.        ]
 [0.30151544]
 [0.20445425]
 [1.        ]
 [0.91672438]
 [0.48268783]
 [0.15943372]]","[250, 347, 283, 157, 276, 251, 600, 600, 395, 309]","[[1.         0.85129414 0.2113046  0.44302051 0.         0.684956
  0.34590197 0.22517882 0.         0.55130098 1.         0.89111425
  0.45178094 0.71661397 0.31169262 0.81250162 0.38235924 0.24116309
  0.04401584 0.67332098]
 [0.86750507 1.         0.21503058 0.4757393  0.11251399 0.56505338
  0.27992322 0.40681979 0.10901338 0.31082186 0.87717222 1.
  0.43834882 0.74411322 0.39074658 0.81321066 0.22355986 0.19031547
  0.03228128 0.48115583]
 [0.35260311 0.27682591 1.         0.67680682 0.42742787 0.15747875
  0.35964913 0.19941041 0.57376042 0.34488581 0.65921406 0.69049429
  1.         0.89963056 0.71185643 0.74453146 0.57213184 0.6498509
  0.81625371 0.60355355]
 [0.40557354 0.37203556 0.57979635 1.         0.71484811 0.68733812
  0.         0.11037398 0.24643265 0.65952888 0.72961923 0.7835689
  0.84594659 1.         0.77423193 0.9023518  0.34328068 0.43550786
  0.62779896 0.7560154 ]
 [0.06304393 0.06672515 0.34643599 0.74965637 1.         0.43803174
  0.16289983 0.2384351  0.45005299 0.6213201  0.         0.21532467
  0.32655992 0.65621833 1.         0.3567979  0.         0.00640563
  0.27097406 0.51418451]
 [0.6930613  0.52439631 0.         0.71457209 0.41565007 1.
  0.12248853 0.26743691 0.02572751 0.77800783 0.84038657 0.85903917
  0.65015006 0.9128758  0.62312112 1.         0.41405839 0.48727189
  0.53112641 0.7530065 ]
 [0.30192549 0.13748519 0.16743982 0.         0.04650782 0.03876118
  1.         0.69393182 0.71016294 0.1521724  0.10266724 0.
  0.         0.         0.         0.         1.         0.82055407
  0.34425433 0.        ]
 [0.22905952 0.33757786 0.02956152 0.17059258 0.19126347 0.25185812
  0.71464952 1.         0.60879054 0.00155808 0.32595198 0.36242295
  0.49965695 0.47446345 0.39251726 0.46499529 0.89028691 1.
  0.63122506 0.21438653]
 [0.         0.         0.48073091 0.29390499 0.41304932 0.
  0.72842175 0.64386273 1.         0.         0.41355064 0.47373631
  0.8186695  0.76069045 0.69217405 0.66211907 0.72311611 0.82831369
  1.         0.45744178]
 [0.55285164 0.22917311 0.20466105 0.68208    0.59723702 0.77293318
  0.20832821 0.         0.00345581 1.         0.63063588 0.47995029
  0.27890836 0.71086643 0.62191691 0.67194468 0.22175579 0.
  0.         1.        ]]"
30,"[2, 5, 7]","[2, 5, 6, 7, 9]",[2 5 7],1.0,1.0,[],[],"[4, 2, 2, 2, 1, 4, 1, 5, 2, 1]","[[0.04573454]
 [0.206165  ]
 [0.97540039]
 [0.22277813]
 [0.        ]
 [0.90278514]
 [0.46256732]
 [0.91039424]
 [0.17630627]
 [0.26233916]]","[116, 284, 600, 195, 69, 600, 267, 600, 114, 293]","[[1.         0.84503388 0.17428494 0.86654623 0.95501371 0.13533716
  0.68922312 0.12889599 0.7160809  0.87729341 1.         0.87228969
  0.39537679 0.89784805 0.9792355  0.39613022 0.81003533 0.35551997
  0.81389709 0.89125028]
 [0.84128604 1.         0.         0.79036121 0.84260975 0.
  0.75970168 0.13869476 0.84746689 0.78497266 0.80964218 1.
  0.         0.74610373 0.77540828 0.         0.65745964 0.
  0.87217719 0.63157782]
 [0.1819942  0.02554457 1.         0.15275624 0.09399779 0.75504896
  0.         0.6558739  0.01369985 0.11852435 0.14769181 0.
  1.         0.         0.         0.89311757 0.         0.89036966
  0.         0.        ]
 [0.87029128 0.80105562 0.17490009 1.         0.90658582 0.05101326
  0.38870984 0.33940652 0.76432461 0.62399789 0.91407725 0.85672414
  0.43569135 1.         0.93370648 0.44131151 0.59544816 0.49457484
  0.87579597 0.7216238 ]
 [0.95505921 0.84648177 0.09312087 0.90398589 1.         0.02460139
  0.61067899 0.15986422 0.69098065 0.84229124 0.98112272 0.86301697
  0.39007979 0.92834815 1.         0.44934573 0.7541804  0.44123459
  0.81153903 0.86193811]
 [0.14708709 0.         0.78662211 0.         0.         1.
  0.12900828 0.71493597 0.         0.14115826 0.23919439 0.33538179
  0.92109985 0.34200096 0.39996273 1.         0.45448848 0.93008248
  0.31194582 0.49746604]
 [0.71105379 0.78185732 0.06840331 0.41524063 0.63766054 0.20931418
  1.         0.16798055 0.70120818 0.79320713 0.81976098 0.7819566
  0.36345193 0.54365984 0.74344842 0.47752814 1.         0.35783536
  0.72213154 0.88976154]
 [0.13630269 0.16618392 0.65812389 0.32611263 0.16616422 0.72403399
  0.11272808 1.         0.36274932 0.         0.42592579 0.40239559
  0.93448443 0.46475337 0.45251746 0.9371323  0.39712264 1.
  0.44459526 0.46546125]
 [0.72589893 0.85621888 0.04591983 0.7659051  0.70136459 0.05737761
  0.68974661 0.37950984 1.         0.57431149 0.80457371 0.90994799
  0.29549343 0.84493849 0.78231252 0.27065091 0.69246603 0.34524196
  1.         0.63201842]
 [0.87833674 0.79183541 0.12428755 0.61643112 0.84347386 0.16856878
  0.7794745  0.         0.56281289 1.         0.91779739 0.8131649
  0.4928777  0.7498341  0.8852075  0.61655252 0.91217571 0.54639471
  0.73511721 1.        ]]"
31,"[5, 7]","[0, 5, 6, 7, 9]",[0 5 6 7],1.0,1.0,[],[],"[1, 1, 1, 2, 2, 2, 3, 5, 3, 2]","[[0.48338532]
 [0.40711833]
 [0.02337452]
 [0.02847972]
 [0.08124397]
 [0.99857201]
 [0.65271769]
 [0.88667667]
 [0.17021882]
 [0.50866631]]","[193, 193, 221, 234, 273, 600, 404, 600, 224, 267]","[[1.         0.9249869  0.17400241 0.20647992 0.55267381 0.
  0.33842669 0.25312271 0.55769337 0.39965996 1.         0.
  0.         0.         0.         0.         0.         0.
  0.         0.        ]
 [0.93194712 1.         0.12282844 0.20322967 0.60560237 0.09278767
  0.2982842  0.15069343 0.53236742 0.41064208 0.69380028 1.
  0.81873001 0.79777917 0.86738669 0.71231024 0.77467995 0.74257272
  0.83065476 0.82436634]
 [0.32599292 0.21102859 1.         0.8977906  0.75228823 0.18400844
  0.11821289 0.33392447 0.69263668 0.7413781  0.29546381 0.58291514
  1.         0.97403822 0.93326959 0.75323806 0.8108687  0.76603531
  0.90081734 0.92869294]
 [0.29660079 0.22148291 0.88896783 1.         0.71037561 0.28200632
  0.03264554 0.34387112 0.61656235 0.71894813 0.19965396 0.47143438
  0.97050768 1.         0.91005133 0.73513606 0.74066002 0.72134625
  0.84511508 0.92179889]
 [0.52735457 0.54065769 0.679246   0.65477491 1.         0.11641934
  0.18811852 0.12227181 0.64665051 0.85354268 0.3775917  0.73043861
  0.94104837 0.93004926 1.         0.75945875 0.82024405 0.66071437
  0.85770254 0.9604898 ]
 [0.         0.         0.         0.19001555 0.16375198 1.
  0.31913594 0.69457393 0.17231475 0.06981915 0.         0.06045062
  0.64975264 0.66906323 0.61353143 1.         0.77799475 0.94708341
  0.47784138 0.61209622]
 [0.39377156 0.29122136 0.00976929 0.         0.29589108 0.37609464
  1.         0.55776092 0.         0.00320224 0.38814311 0.54975914
  0.83574827 0.80173707 0.82329138 0.86416456 1.         0.89343012
  0.66982014 0.80303385]
 [0.21084856 0.01083979 0.13752026 0.21791077 0.11261212 0.6772865
  0.49007081 1.         0.030922   0.         0.26099507 0.37870607
  0.75458881 0.74270317 0.5820495  0.96089438 0.87128417 1.
  0.5906769  0.68427102]
 [0.59469514 0.52766065 0.65483665 0.60362235 0.69355561 0.24155599
  0.         0.15956148 1.         0.53662433 0.41391977 0.67586548
  0.91749325 0.88658032 0.86600801 0.69397316 0.68373015 0.67537947
  1.         0.82704791]
 [0.47214201 0.4287977  0.72132411 0.7212195  0.87812356 0.18212457
  0.04353626 0.16783649 0.55537417 1.         0.30506452 0.60139068
  0.92966465 0.93209847 0.95588581 0.7304319  0.77628957 0.70309905
  0.79492476 1.        ]]"
32,"[2, 3, 4]","[2, 3, 4, 6, 8]",[2 3 4 6],1.0,1.0,[],[],"[3, 2, 2, 3, 3, 4, 1, 5, 4, 1]","[[0.08023612]
 [0.30624121]
 [0.93079136]
 [0.92921323]
 [0.91857906]
 [0.0179682 ]
 [0.6345021 ]
 [0.3804461 ]
 [0.47787886]
 [0.03751425]]","[234, 302, 600, 600, 600, 104, 296, 151, 168, 291]","[[1.         0.         0.30122401 0.14405415 0.37577976 0.76373314
  0.22653524 0.29546234 0.06991717 0.70323411 1.         0.
  0.         0.         0.02966965 0.59592454 0.         0.
  0.         0.5956343 ]
 [0.01532598 1.         0.22711932 0.38208967 0.21818373 0.36557532
  0.19702306 0.76069085 0.68237879 0.54465942 0.32724672 1.
  0.7396042  0.73979981 0.71889364 0.5749705  0.46077814 0.79261934
  0.82045909 0.63786078]
 [0.2671092  0.17676984 1.         0.63964091 0.75300168 0.24684787
  0.37717349 0.10265738 0.28132295 0.12561283 0.22597596 0.70040635
  1.         0.87801849 0.97261214 0.25835351 0.6900189  0.21228287
  0.55124802 0.26576837]
 [0.03377323 0.29162086 0.61214717 1.         0.41374702 0.
  0.52444774 0.28772229 0.55572634 0.         0.         0.61323089
  0.84240604 1.         0.92423887 0.         0.7116805  0.28442216
  0.49719935 0.        ]
 [0.30524208 0.07198452 0.72474469 0.39299078 1.         0.37832626
  0.48624168 0.         0.         0.32994827 0.05991743 0.63222771
  0.96885648 0.93331769 1.         0.14982208 0.72955972 0.09346048
  0.47946703 0.14537389]
 [0.73329228 0.27268864 0.18938583 0.         0.39958394 1.
  0.14324292 0.49412489 0.2052227  0.90729908 0.71826737 0.55950811
  0.33193739 0.30277224 0.32652679 1.         0.18428787 0.50132653
  0.6709891  0.93286728]
 [0.22985281 0.18802286 0.40871211 0.58053218 0.56232771 0.24428484
  1.         0.3597437  0.47995475 0.09329753 0.38406675 0.50632025
  0.75333108 0.82241443 0.81074783 0.27939727 1.         0.1764153
  0.44494334 0.17979378]
 [0.17653109 0.71594012 0.         0.27140011 0.         0.47621443
  0.24843999 1.         0.90108335 0.52042739 0.36997173 0.80578961
  0.35882603 0.43487443 0.35109276 0.54938915 0.15756838 1.
  0.88243565 0.53653742]
 [0.         0.65318694 0.26326576 0.57684823 0.0801111  0.2676389
  0.43845272 0.90659195 1.         0.25741336 0.37274475 0.83260137
  0.63633941 0.68461565 0.62903889 0.64875159 0.43474037 0.84539803
  1.         0.49280725]
 [0.67410148 0.49217705 0.08447355 0.02717295 0.3704449  0.90981804
  0.         0.54941183 0.24153216 1.         0.7123517  0.61708071
  0.32521387 0.28864317 0.30928402 0.93150685 0.05272318 0.47671035
  0.4248035  1.        ]]"
33,[],"[2, 4, 5, 8, 9]",[4 5 6 8],0.0,0.0,[],[],"[2, 3, 3, 1, 1, 4, 2, 2, 1, 3]","[[0.32149615]
 [0.31844461]
 [0.43024776]
 [0.253189  ]
 [0.99653474]
 [0.50508186]
 [0.4143284 ]
 [0.1298559 ]
 [0.85840824]
 [0.66666667]]","[221, 195, 281, 216, 339, 259, 291, 215, 250, 257]","[[1.         0.65472869 0.419751   0.39101306 0.26713387 0.32491413
  0.26019167 0.4888623  0.34976866 0.16571396 1.         0.61678456
  0.55285348 0.46604236 0.68063998 0.62323009 0.47690606 0.48824673
  0.67014454 0.30833561]
 [0.60792696 1.         0.46685711 0.28035966 0.04876192 0.21452546
  0.63146393 0.5398598  0.         0.2182738  0.33614815 1.
  0.210251   0.         0.         0.04640715 0.58120628 0.19215937
  0.         0.        ]
 [0.36871965 0.46055069 1.         0.75099897 0.         0.42654085
  0.27559847 0.29042387 0.38564951 0.45409202 0.53420873 0.54021078
  1.         0.86209938 0.5535011  0.65528102 0.45915379 0.22909278
  0.6559084  0.6220388 ]
 [0.21271575 0.18071955 0.71983672 1.         0.03144881 0.32798568
  0.         0.51368628 0.42299009 0.75847623 0.33210798 0.27794334
  0.82897177 1.         0.54150088 0.55271875 0.11710224 0.28249784
  0.64758709 0.73775019]
 [0.15794943 0.03750995 0.         0.13917968 1.         0.69560692
  0.66891531 0.17889973 0.34391752 0.12945337 0.44676619 0.
  0.23307889 0.36500949 1.         0.65401865 0.4130708  0.11992695
  0.56335037 0.3439545 ]
 [0.1013987  0.07926715 0.3356499  0.30806872 0.64736186 1.
  0.56328299 0.         0.67985911 0.         0.50708508 0.27983739
  0.55283987 0.53218192 0.73871151 1.         0.55245358 0.
  0.77420692 0.2521113 ]
 [0.04359288 0.58043709 0.18494028 0.         0.62748041 0.57585374
  1.         0.2589314  0.02762969 0.07696021 0.35087406 0.69999999
  0.33453502 0.12408845 0.57955729 0.57548639 1.         0.1773161
  0.25458886 0.21628774]
 [0.31962875 0.46062386 0.17795895 0.49927304 0.0487587  0.
  0.23696783 1.         0.2222833  0.81577885 0.33049108 0.38991089
  0.         0.24955388 0.33536026 0.         0.13267979 1.
  0.33965961 0.72551915]
 [0.26162941 0.         0.39283156 0.49316548 0.35158747 0.72688877
  0.14588844 0.33653213 1.         0.26932402 0.45086759 0.03899592
  0.4320245  0.53096445 0.58037792 0.7126784  0.         0.15971713
  1.         0.29757395]
 [0.         0.17484943 0.43050361 0.77606529 0.09183755 0.09951392
  0.14418112 0.83411142 0.22873545 1.         0.         0.16540377
  0.45818136 0.696876   0.45246689 0.17349438 0.08691345 0.69666614
  0.38996916 1.        ]]"
