id,class_0,class_1,class_2,class_3,class_4,class_5,class_6,class_7,class_8,class_9
0,2,10,10,0,12,0,21,0,3,13
1,0,0,7,3,5,8,20,12,0,1
2,31,19,2,2,3,5,3,1,1,0
3,3,1,6,2,1,28,0,8,0,2
4,3,3,11,0,0,14,14,26,0,0
5,1,2,0,12,0,10,0,1,55,0
6,2,16,3,28,1,3,30,0,0,0
7,0,26,1,7,0,23,4,30,0,0
8,1,4,2,1,4,0,7,13,1,2
9,1,7,17,1,27,1,17,0,0,0
10,0,1,2,5,1,1,1,16,5,1
11,0,1,4,1,1,4,2,5,2,10
12,2,62,1,0,9,0,0,0,0,0
13,2,18,0,5,2,2,6,1,7,1
14,34,0,3,0,1,5,2,1,16,8
15,2,2,17,14,26,0,4,2,0,13
16,24,2,5,3,4,2,0,1,1,15
17,3,1,39,10,7,1,0,2,1,29
18,8,40,1,10,3,0,29,0,0,0
19,11,1,32,1,2,4,12,0,3,10
20,19,0,1,16,2,10,69,0,0,0
21,0,1,3,10,1,7,2,22,1,0
22,6,0,5,0,12,3,17,17,19,0
23,1,2,5,0,4,3,1,0,23,0
24,5,0,2,1,24,17,10,7,3,4
25,0,6,6,44,4,7,0,29,0,0
26,22,1,25,10,0,9,2,0,1,2
27,1,0,0,1,0,3,1,1,4,0
28,2,7,6,0,4,0,27,20,1,31
29,28,10,12,7,22,0,0,0,0,0
30,1,1,27,1,0,9,6,1,1,16
31,8,27,0,5,0,1,0,29,1,0
32,0,21,3,7,1,69,0,0,0,0
33,2,10,33,10,9,6,0,10,0,0
34,0,2,5,8,19,0,1,1,29,0
35,1,0,0,0,0,0,3,0,0,42
36,2,2,12,9,0,2,13,2,2,1
37,5,2,10,12,6,1,16,4,4,13
38,28,1,0,0,2,14,6,0,37,0
39,0,1,1,10,2,11,1,10,31,27
40,6,24,5,9,0,28,0,0,0,0
41,0,2,11,39,7,1,4,48,0,0
42,1,15,1,0,1,1,1,2,0,28
43,0,0,1,10,1,6,1,7,29,2
44,14,6,1,22,0,13,2,3,4,11
45,0,1,0,0,1,1,18,2,0,10
46,1,5,3,9,11,0,2,1,9,2
47,18,2,0,11,6,56,0,0,0,0
48,0,4,0,29,0,10,12,42,0,0
49,5,9,0,1,2,1,3,0,0,1
50,8,1,0,51,11,0,0,0,0,0
51,0,14,64,0,0,0,0,0,0,0
52,33,0,1,0,3,52,0,0,0,0
53,0,4,2,10,1,7,2,5,0,1
54,0,5,5,0,4,6,3,3,1,7
55,2,0,0,17,3,5,6,20,21,0
56,0,11,10,2,0,2,1,0,34,9
57,8,1,3,4,35,1,2,2,4,36
58,6,0,3,23,44,0,0,0,0,0
59,1,5,0,1,0,0,1,3,1,1
60,20,14,0,4,4,5,6,6,6,7
61,16,15,5,11,5,1,1,0,0,24
62,2,11,40,0,2,5,2,3,1,51
63,1,2,1,0,1,1,6,3,10,2
64,11,0,9,3,11,7,10,7,5,8
65,2,5,8,1,6,3,0,0,3,1
66,4,0,11,1,9,22,0,4,9,2
67,0,1,0,4,4,1,1,5,1,17
68,4,12,1,5,0,1,2,35,10,0
69,2,27,15,5,5,21,0,0,0,0
70,11,4,11,1,5,0,1,0,14,100
71,9,0,0,10,4,6,0,3,47,0
72,2,13,2,6,3,16,10,1,0,3
73,2,0,4,1,26,13,3,0,3,2
74,1,0,10,0,13,2,33,0,1,8
75,4,4,2,0,14,3,5,18,40,0
76,1,14,22,14,54,0,0,0,0,0
77,11,3,3,1,14,1,8,5,3,0
78,0,13,7,8,16,31,0,0,0,0
79,16,0,3,28,1,0,9,5,3,2
80,1,2,43,20,5,0,0,0,0,0
81,1,9,2,2,1,2,3,10,0,2
82,1,20,12,0,0,47,0,0,0,0
83,9,12,39,0,0,12,0,0,0,0
84,18,6,2,2,1,25,0,45,0,0
85,7,34,0,7,1,3,8,2,0,29
86,1,9,1,0,1,8,19,35,0,0
87,4,2,12,3,22,0,4,14,6,0
88,0,4,1,6,11,5,18,1,29,0
89,1,1,3,14,1,1,4,11,2,7
90,1,0,0,1,15,2,23,1,13,0
91,10,1,3,0,0,1,28,7,4,0
92,5,16,6,49,0,0,0,0,0,0
93,0,11,1,7,2,10,0,11,12,2
94,0,1,0,1,2,2,0,6,16,8
95,4,10,42,9,1,1,4,0,0,0
96,8,0,8,2,0,14,15,0,0,4
97,25,10,0,2,1,1,4,0,31,0
98,9,0,4,8,27,7,0,5,41,0
99,1,1,2,12,0,16,1,5,0,0
100,3,11,4,15,7,12,1,1,1,0
101,4,22,0,2,0,7,6,0,1,54
102,6,4,5,4,30,3,3,11,0,10
103,3,3,0,6,1,1,15,11,9,1
104,11,3,8,0,5,0,6,41,0,0
105,2,16,0,11,9,30,3,0,0,0
106,31,4,25,5,18,0,0,0,0,0
107,10,1,2,6,2,0,4,0,4,40
108,9,0,25,11,1,4,24,0,0,0
109,21,2,1,9,0,12,0,0,4,0
110,12,1,14,0,25,1,26,0,0,0
111,8,1,3,3,30,5,4,17,0,0
112,11,15,9,1,1,57,0,0,0,0
113,2,0,11,4,0,0,4,32,0,0
114,26,0,6,43,0,0,0,0,0,0
115,35,1,10,8,1,5,5,7,0,0
116,1,0,0,2,0,0,1,5,17,0
117,2,11,13,0,0,1,1,0,1,53
118,5,1,1,1,0,3,8,1,0,2
119,1,1,9,43,2,4,2,18,0,0
120,0,0,6,1,10,6,2,1,4,104
121,7,1,23,0,6,0,5,29,0,0
122,2,0,21,8,4,5,9,2,0,18
123,13,24,0,1,7,14,5,3,32,0
124,0,37,2,0,13,1,2,45,0,0
125,2,3,18,1,1,1,24,31,0,0
126,3,30,4,0,2,0,7,32,0,0
127,3,8,9,0,0,20,7,4,10,34
128,1,1,1,10,3,11,14,5,1,7
129,3,0,21,1,2,14,19,40,0,0
130,4,10,7,23,18,19,0,0,0,0
131,11,1,9,3,1,1,3,4,3,2
132,13,8,48,1,11,0,0,0,0,0
133,3,2,10,0,5,0,12,2,9,2
134,11,4,64,0,0,0,0,0,0,0
135,12,7,0,31,7,1,9,26,0,0
136,1,5,1,6,2,2,3,6,16,2
137,1,12,6,0,1,1,9,1,0,7
138,19,1,0,1,0,19,2,1,4,6
139,0,1,8,12,9,8,14,4,3,36
140,1,10,2,12,0,2,11,1,1,2
141,0,6,5,4,4,1,1,1,3,0
142,3,9,2,4,20,15,1,0,22,0
143,14,1,8,1,5,0,43,0,0,0
144,2,1,3,3,2,0,1,15,3,7
145,20,1,0,0,1,3,17,0,35,0
146,38,0,3,24,20,0,0,0,0,0
147,21,0,8,4,33,4,1,0,0,0
148,0,5,15,3,21,3,17,0,5,1
149,11,1,15,0,6,1,6,0,11,4
150,2,12,5,8,0,0,3,10,1,24
151,6,1,1,4,10,0,6,1,3,23
152,9,8,18,7,1,1,0,9,0,0
153,2,3,3,0,1,2,12,40,1,6
154,1,0,0,6,3,1,9,0,15,1
155,0,1,5,0,15,24,8,21,0,0
156,15,8,1,3,12,2,0,13,23,0
157,2,1,0,0,26,6,24,1,26,0
158,5,0,2,7,7,1,0,3,5,13
159,0,1,0,1,1,1,0,8,22,10
160,2,11,0,2,1,3,1,7,12,1
161,7,8,5,2,0,18,16,1,3,4
162,10,2,15,3,0,3,7,0,1,1
163,0,6,11,0,0,5,2,0,27,0
164,18,2,5,34,0,38,0,0,0,0
165,0,11,1,2,5,4,0,1,0,10
166,0,5,1,0,2,23,0,27,5,37
167,1,20,0,3,4,64,0,0,0,0
168,1,1,39,1,5,8,25,0,0,0
169,0,1,4,4,0,2,11,0,0,5
170,13,0,0,7,1,1,2,82,0,0
171,7,2,13,7,2,14,0,7,0,10
172,3,39,38,0,0,0,0,0,0,0
173,3,4,18,1,5,6,5,8,1,18
174,25,6,3,4,11,2,1,4,11,25
175,0,0,7,12,10,1,0,5,1,0
176,4,7,1,1,2,14,6,4,0,4
177,0,0,19,5,0,1,9,5,2,16
178,1,9,31,27,10,0,0,0,0,0
179,7,4,0,0,17,0,30,0,28,0
180,18,3,7,12,2,8,1,10,1,41
181,6,11,0,5,22,1,45,0,0,0
182,14,9,2,25,1,4,0,6,7,39
183,8,1,0,0,2,5,1,3,1,14
184,5,29,0,0,12,14,41,0,0,0
185,21,1,0,5,18,2,8,0,1,0
186,5,5,2,9,3,1,1,9,14,1
187,12,2,1,2,6,4,0,2,14,90
188,0,1,35,0,14,1,1,41,0,0
189,0,1,1,0,6,50,22,0,0,0
190,0,0,15,3,0,6,1,21,23,2
191,1,0,4,1,21,10,0,2,34,0
192,9,0,1,0,15,0,8,57,0,0
193,3,0,2,5,17,4,13,2,7,5
194,36,9,15,1,1,0,13,0,0,0
195,4,4,0,2,6,0,6,3,6,0
196,2,1,22,9,29,3,1,7,0,0
197,4,18,4,0,8,12,0,23,6,0
198,0,0,3,10,3,7,6,6,14,1
199,1,16,1,0,2,2,0,4,8,72
200,4,0,12,3,6,0,2,1,22,1
201,8,1,1,21,3,0,2,9,3,4
202,23,1,3,20,48,0,0,0,0,0
203,19,0,5,12,2,6,0,4,3,29
204,1,5,17,3,0,27,12,0,0,62
205,13,5,1,11,12,2,14,0,45,0
206,52,0,3,1,3,1,4,1,0,3
207,1,9,0,5,0,8,1,30,4,22
208,21,6,1,26,8,7,1,10,0,0
209,1,21,14,0,5,6,22,13,0,0
210,3,16,0,25,2,0,1,0,2,9
211,4,0,1,0,15,0,10,7,8,0
212,39,11,6,4,51,0,0,0,0,0
213,10,1,9,1,0,1,11,6,13,1
214,2,5,3,3,16,0,0,17,9,0
215,10,7,19,5,24,4,22,0,0,0
216,0,20,11,37,6,0,0,0,0,0
217,22,6,20,1,1,11,0,0,38,0
218,3,0,3,16,0,3,22,9,3,2
219,14,1,0,1,0,0,1,0,2,2
220,87,0,0,0,0,0,0,0,0,0
221,2,8,45,4,0,5,2,3,5,0
222,1,1,4,5,7,27,0,7,18,4
223,1,2,23,0,12,14,3,2,10,21
224,7,1,10,7,8,6,44,0,0,0
225,0,1,3,3,0,1,3,4,18,7
226,1,7,17,4,0,4,0,1,3,4
227,0,27,3,12,8,3,0,1,0,5
228,4,5,12,0,26,0,33,0,0,0
229,1,0,1,0,16,0,0,9,15,26
230,0,43,0,0,4,23,1,0,0,0
231,1,3,0,21,0,0,11,15,6,2
232,25,2,2,71,0,0,0,0,0,0
233,25,0,0,2,11,8,1,7,0,0
234,0,5,0,6,1,10,16,1,3,5
235,0,2,3,10,10,3,2,0,23,63
236,4,0,3,38,19,1,5,6,0,0
237,5,2,2,1,12,57,0,0,0,0
238,3,0,26,26,0,1,0,0,2,19
239,1,0,3,3,0,10,4,2,0,0
240,0,0,5,6,3,5,40,26,0,0
241,3,1,0,11,1,19,0,7,27,0
242,20,5,1,0,12,12,30,0,0,0
243,7,12,7,12,0,3,0,7,1,48
244,22,29,5,21,0,0,0,0,0,0
245,16,20,45,0,0,0,0,0,0,0
246,5,4,5,1,0,8,2,0,3,6
247,0,1,0,19,2,13,1,10,9,27
248,0,7,9,0,19,25,0,41,0,0
249,1,7,9,16,3,0,1,1,24,3
250,28,0,17,24,0,0,16,0,0,0
251,9,4,0,7,28,2,0,19,0,16
252,3,1,18,3,4,0,1,14,36,0
253,7,3,5,8,3,5,9,4,0,28
254,4,19,2,4,0,3,76,0,0,0
255,13,16,7,3,1,12,7,1,3,1
256,5,8,0,0,2,1,0,1,17,17
257,3,5,2,0,8,0,5,0,3,132
258,7,7,9,6,12,1,1,0,28,0
259,4,1,2,10,0,2,3,11,60,0
260,2,87,0,0,0,0,0,0,0,0
261,0,5,1,1,5,8,1,5,7,5
262,8,5,8,11,2,21,4,13,0,0
263,1,14,16,2,21,9,0,16,0,0
264,4,4,1,1,10,0,7,7,6,4
265,8,1,0,9,10,6,1,0,4,1
266,2,0,14,0,11,1,0,0,12,5
267,10,2,8,0,30,1,1,13,0,11
268,1,2,5,19,7,3,0,8,20,193
269,18,2,0,25,2,7,5,7,1,2
270,5,1,2,2,1,0,3,2,7,34
271,0,28,1,0,7,9,24,1,22,0
272,17,0,1,4,0,2,1,7,4,10
273,2,6,1,0,4,37,7,0,1,3
274,2,0,8,3,6,0,4,4,57,0
275,1,4,1,0,1,0,6,16,21,0
276,0,1,10,5,21,0,0,9,4,7
277,0,3,7,0,3,10,6,37,10,0
278,0,37,18,1,12,0,9,0,0,0
279,0,34,2,1,0,2,1,13,32,0
280,4,28,0,14,22,0,1,38,0,0
281,1,0,4,20,2,1,12,11,23,0
282,0,6,4,19,2,0,3,4,0,17
283,6,2,2,0,27,11,0,14,0,29
284,7,7,0,0,9,47,25,0,0,0
285,1,18,1,2,11,0,5,11,14,12
286,3,28,10,1,3,8,6,3,1,36
287,11,20,0,7,1,22,1,47,0,0
288,1,21,38,5,3,19,0,0,0,0
289,6,0,0,0,1,1,1,1,3,6
290,1,7,8,1,25,14,20,0,0,0
291,5,0,2,0,8,9,5,1,0,12
292,2,1,1,9,5,1,0,1,3,10
293,7,8,1,7,1,23,9,2,9,10
294,5,2,0,4,0,3,1,0,19,46
295,3,4,2,8,26,11,9,18,0,0
296,14,1,4,2,3,11,0,1,0,15
297,0,0,1,14,2,3,17,2,29,16
298,4,2,5,1,13,7,0,20,31,0
299,23,31,15,7,0,0,0,0,0,0
300,5,12,0,2,0,0,0,12,25,20
301,0,9,2,0,17,0,2,3,0,0
302,3,4,0,1,0,4,0,1,33,72
303,6,10,3,7,0,27,0,2,24,0
304,0,14,29,0,0,33,0,0,0,0
305,8,34,7,19,2,10,0,0,0,0
306,4,7,1,0,1,0,12,5,10,17
307,0,0,2,3,3,0,2,10,9,11
308,30,1,1,0,2,4,5,2,15,5
309,2,9,11,1,14,5,1,2,1,62
310,12,4,3,6,11,0,0,0,18,14
311,0,17,4,0,0,1,3,7,2,7
312,1,0,1,0,0,6,26,3,3,18
313,13,4,2,10,15,0,0,21,5,18
314,4,0,2,0,8,3,4,20,26,0
315,1,7,0,1,17,0,28,55,0,0
316,3,2,72,0,0,0,0,0,0,0
317,4,9,0,7,4,8,3,15,1,2
318,0,24,2,3,0,3,20,0,51,0
319,0,3,8,9,16,3,0,9,10,0
320,2,0,7,10,23,8,1,30,0,0
321,17,25,0,3,4,0,35,0,0,0
322,8,2,1,2,28,0,0,10,35,0
323,15,1,5,1,15,7,0,33,0,0
324,0,0,19,0,1,1,6,11,12,6
325,1,16,1,1,36,11,1,0,2,15
326,19,5,3,5,15,23,4,0,0,0
327,6,4,0,2,23,2,6,10,0,5
328,9,3,2,11,1,1,28,1,1,9
329,4,5,0,34,14,37,0,0,0,0
330,4,3,1,4,8,15,0,0,45,0
331,7,13,22,10,2,3,0,0,11,26
332,0,22,19,9,26,0,0,0,0,0
333,15,1,1,2,6,2,22,11,1,0
334,3,68,0,0,0,0,0,0,0,0
335,4,18,2,5,14,0,15,36,0,0
336,10,21,0,2,2,0,1,6,18,30
337,9,16,5,31,7,18,0,0,0,0
338,9,54,28,0,0,0,0,0,0,0
339,2,1,5,0,3,26,9,7,0,0
340,6,2,7,0,0,0,0,24,7,19
341,5,2,0,5,2,20,7,0,49,0
342,25,0,2,3,2,0,26,6,2,8
343,0,0,4,4,6,3,1,1,10,1
344,10,19,3,0,2,15,19,16,0,0
345,16,1,6,81,0,0,0,0,0,0
346,1,2,3,10,4,13,3,11,5,10
347,9,0,5,15,1,6,3,3,1,2
348,0,8,7,1,14,1,0,35,0,2
349,3,8,0,4,1,4,0,1,7,1
350,4,2,10,10,24,21,0,0,0,0
351,0,1,0,24,18,2,9,10,9,0
352,7,0,2,1,2,23,7,0,7,1
353,14,0,6,0,3,5,4,3,0,38
354,23,0,0,0,8,19,11,0,39,0
355,4,9,1,1,13,40,1,13,0,0
356,32,5,23,0,4,4,14,0,0,0
357,1,4,28,9,21,2,6,0,0,0
358,0,7,6,3,0,26,0,0,17,4
359,4,22,2,4,6,1,12,0,9,5
360,11,1,0,0,29,10,0,3,20,0
361,10,13,0,8,14,8,0,0,43,0
362,1,8,24,0,25,28,0,0,0,0
363,9,18,25,14,10,0,0,0,0,0
364,7,4,0,36,1,2,10,1,10,0
365,0,12,7,2,41,2,2,15,0,0
366,1,6,2,0,10,2,0,13,72,0
367,1,1,4,0,1,0,3,5,5,23
368,1,1,1,7,0,11,2,12,0,4
369,0,15,1,13,29,4,11,0,0,0
370,24,1,1,2,2,9,0,2,4,3
371,2,17,12,9,16,1,0,11,0,52
372,0,0,14,14,3,23,0,9,0,0
373,4,25,4,23,1,0,2,6,3,0
374,3,2,2,0,0,62,1,4,0,0
375,1,5,4,0,2,2,10,6,1,15
376,0,0,64,43,0,0,0,0,0,0
377,0,8,0,2,0,0,1,3,2,3
378,22,0,1,8,1,4,22,2,1,6
379,1,20,1,4,6,1,2,5,0,0
380,6,3,1,4,1,0,3,10,1,0
381,0,29,5,16,1,18,0,3,0,0
382,0,3,3,5,1,1,15,0,0,22
383,0,1,0,2,9,10,0,25,22,9
384,12,1,13,5,1,10,7,7,1,1
385,29,2,10,0,11,12,19,0,0,0
386,7,2,0,4,14,38,0,3,0,9
387,31,24,2,8,47,0,0,0,0,0
388,3,2,4,47,7,0,18,0,0,0
389,3,16,6,23,4,0,21,0,0,0
390,0,39,7,1,0,7,1,3,6,14
391,1,7,5,18,8,5,3,0,2,35
392,18,2,0,4,14,0,8,4,6,6
393,4,0,2,15,4,7,5,7,0,5
394,7,0,6,6,1,41,6,1,3,0
395,8,4,1,21,0,5,4,9,0,13
396,4,23,0,54,0,0,0,0,0,0
397,6,1,9,21,3,0,7,1,10,9
398,7,0,4,0,2,4,1,37,10,10
399,41,2,24,37,0,0,0,0,0,0
400,3,4,0,4,5,12,9,1,0,39
401,1,1,7,39,0,8,1,13,5,0
402,9,4,22,2,2,0,1,2,15,5
403,0,2,1,40,27,4,0,0,0,0
404,0,1,38,9,2,11,0,0,1,4
405,4,47,1,0,7,0,31,0,0,0
406,5,47,1,0,3,0,7,5,17,0
407,22,0,6,0,9,6,23,24,0,0
408,5,4,13,15,0,10,3,1,1,8
409,15,14,4,35,14,0,0,0,0,0
410,1,19,7,22,1,3,4,0,0,7
411,0,2,8,17,0,23,20,8,0,0
412,14,9,0,6,0,1,0,0,14,14
413,3,6,0,13,1,1,6,4,7,21
414,1,1,9,19,4,12,0,2,33,0
415,0,1,9,2,0,0,1,42,0,21
416,2,35,2,3,12,45,0,0,0,0
417,11,12,3,1,31,0,1,13,0,0
418,9,10,13,1,13,2,2,3,1,1
419,2,8,3,4,5,0,17,0,19,5
420,0,0,41,2,7,2,26,0,0,0
421,8,9,1,2,2,1,4,5,1,2
422,8,1,2,8,0,0,3,1,15,14
423,47,2,3,1,1,3,21,0,0,0
424,22,26,1,3,2,5,9,17,0,0
425,12,1,0,4,7,10,16,1,3,24
426,1,2,10,0,0,3,0,31,3,0
427,10,0,10,3,16,3,12,1,3,1
428,7,19,19,0,26,0,0,0,0,0
429,52,0,5,0,14,0,0,0,0,0
430,1,1,1,5,4,7,0,21,5,4
431,13,19,9,4,5,17,1,26,0,0
432,6,11,0,3,1,8,0,10,2,2
433,0,23,10,8,1,20,3,2,13,0
434,12,4,11,25,20,0,0,0,0,0
435,1,0,0,3,20,0,6,7,4,27
436,2,1,1,6,11,1,0,5,0,0
437,1,2,5,8,0,27,6,0,1,9
438,1,9,33,14,0,1,0,5,13,0
439,5,0,5,2,14,6,57,0,0,0
440,0,19,7,3,9,1,5,17,54,0
441,8,4,5,1,18,4,1,0,16,1
442,8,4,3,10,4,23,0,0,0,20
443,12,11,3,7,1,4,1,0,1,14
444,11,39,22,0,0,0,0,0,0,0
445,27,11,0,7,3,8,6,0,18,0
446,0,14,2,8,3,1,38,1,34,0
447,0,1,22,0,2,0,2,17,0,23
448,0,0,0,2,8,40,6,11,0,9
449,0,0,6,16,9,2,6,3,19,84
450,0,5,1,13,4,3,24,14,30,0
451,1,0,7,1,8,3,0,2,0,70
452,7,26,2,3,44,0,0,0,0,0
453,1,1,5,7,20,1,10,9,1,0
454,8,4,3,17,25,0,10,2,0,60
455,8,10,7,6,2,4,1,8,7,10
456,7,24,3,20,0,13,1,1,68,0
457,8,12,3,2,2,1,5,61,0,0
458,6,11,30,11,5,1,3,2,19,0
459,1,7,25,4,9,13,5,2,15,0
460,0,1,4,0,18,23,3,1,39,0
461,3,4,5,0,2,9,3,0,24,12
462,9,2,23,4,7,5,4,18,0,0
463,1,12,3,8,18,3,17,13,0,0
464,11,0,16,0,9,7,3,58,0,0
465,0,28,0,4,14,2,31,0,0,0
466,13,7,6,0,8,3,5,59,0,0
467,0,35,13,5,5,4,40,0,0,0
468,12,3,9,23,0,10,18,0,0,0
469,1,0,3,1,27,4,1,1,12,3
470,23,1,17,9,7,1,7,0,25,0
471,8,0,2,6,2,1,0,0,5,3
472,0,12,6,0,3,40,6,4,0,0
473,5,0,2,2,0,5,7,13,4,11
474,21,6,11,33,0,0,0,0,0,0
475,16,1,13,24,25,0,0,0,0,0
476,42,1,2,49,0,0,0,0,0,0
477,4,0,0,2,1,1,0,1,4,1
478,2,2,0,22,2,0,0,1,3,1
479,0,5,4,8,1,20,19,18,0,0
480,8,2,0,32,0,19,2,0,17,0
481,7,30,32,11,0,0,0,0,0,0
482,0,3,6,0,5,0,4,2,10,24
483,14,6,1,1,4,0,13,4,2,5
484,1,0,7,26,1,6,8,0,0,9
485,0,1,1,10,10,4,1,0,2,21
486,2,0,6,3,12,9,2,5,1,1
487,11,6,2,5,0,2,0,13,5,1
488,0,0,0,0,3,4,83,0,0,0
489,7,2,32,7,4,7,10,31,0,0
490,12,7,0,1,3,14,1,5,2,12
491,2,0,1,15,0,0,2,0,32,23
492,4,2,1,1,5,0,0,24,5,15
493,1,2,0,0,43,1,6,0,9,41
494,0,7,1,30,19,0,1,0,0,1
495,20,1,4,1,49,0,0,0,0,0
496,10,7,2,3,0,19,3,6,0,0
497,10,0,8,2,11,0,0,12,0,2
498,0,9,8,0,12,2,1,2,0,28
499,2,5,57,8,0,0,0,0,0,0
500,5,0,0,5,0,22,1,0,2,1
501,1,4,4,8,1,27,12,0,1,12
502,24,0,1,34,33,0,0,0,0,0
503,5,2,8,1,15,0,1,6,0,0
504,18,7,1,0,19,4,2,3,14,1
505,2,5,1,0,1,8,5,7,0,35
506,1,5,37,4,17,1,2,1,1,0
507,3,0,0,1,0,11,9,28,52,0
508,1,0,0,0,35,5,0,7,15,21
509,5,6,14,2,3,5,0,52,0,0
510,0,0,3,3,31,2,0,2,27,5
511,1,2,4,22,25,23,0,0,0,0
512,7,4,4,4,12,8,8,1,31,0
513,2,0,2,41,7,0,42,0,0,0
514,9,4,3,4,3,71,0,0,0,0
515,25,8,2,1,1,0,16,9,3,15
516,16,1,0,2,1,31,4,14,2,0
517,6,8,5,16,9,0,3,7,19,0
518,15,7,9,1,6,11,1,4,13,3
519,2,16,13,0,8,0,3,31,0,0
520,8,5,17,1,1,1,1,3,5,4
521,8,0,0,2,3,0,2,1,7,2
522,2,0,3,4,10,10,7,4,5,8
523,9,4,8,1,3,2,3,0,1,4
524,7,46,2,4,1,9,4,0,0,0
525,38,7,4,7,0,15,0,0,0,0
526,23,0,3,30,12,16,0,0,0,0
527,4,5,1,2,2,2,3,0,15,2
528,0,11,0,3,1,0,28,2,20,5
529,1,3,7,3,9,1,5,3,0,1
530,4,0,2,0,8,2,0,1,31,8
531,13,5,12,17,4,5,2,2,26,0
532,12,21,28,3,18,0,0,0,0,0
533,2,4,3,1,13,6,17,10,1,15
534,35,1,0,0,10,12,7,3,9,0
535,35,3,1,2,37,0,0,0,0,0
536,8,6,0,4,1,10,6,12,4,7
537,4,2,0,0,2,3,1,9,68,0
538,11,1,7,4,27,15,1,2,1,14
539,3,24,0,5,1,0,1,16,1,3
540,0,8,7,3,14,0,0,25,36,0
541,9,13,0,12,19,1,10,0,5,20
542,0,1,1,2,3,3,2,48,12,0
543,16,18,22,5,2,0,1,5,25,0
544,9,35,0,35,0,0,0,0,0,0
545,2,7,5,0,3,0,0,5,1,10
546,2,7,1,0,10,16,6,5,10,5
547,0,0,7,5,7,7,0,0,0,2
548,8,13,1,8,16,0,0,1,5,44
549,0,11,1,8,4,17,0,1,0,2
550,16,31,3,0,15,8,0,0,0,0
551,3,1,7,4,1,2,20,0,3,7
552,1,6,8,3,14,17,11,15,0,0
553,3,1,4,17,7,3,5,8,2,1
554,5,14,1,9,3,12,17,17,0,0
555,2,0,4,0,1,16,6,6,63,0
556,0,2,1,0,25,28,44,0,0,0
557,0,5,5,4,0,19,12,5,17,2
558,2,10,10,40,8,5,0,0,0,0
559,1,2,0,3,1,10,8,19,4,17
560,23,0,9,1,22,5,16,0,0,0
561,12,1,8,8,0,9,30,3,0,0
562,25,22,16,2,16,0,0,0,0,0
563,8,3,21,9,4,41,0,0,0,0
564,5,5,0,0,3,2,3,1,1,13
565,3,0,10,7,1,4,5,15,0,2
566,1,4,17,8,0,25,5,9,11,0
567,28,44,0,0,0,0,0,0,0,0
568,4,1,12,6,0,12,9,0,1,1
569,0,0,2,14,9,2,0,43,0,2
570,1,2,1,19,1,1,8,32,9,0
571,18,3,2,9,17,5,0,4,7,0
572,1,7,5,22,5,14,0,10,13,0
573,1,2,7,6,32,10,4,11,0,0
574,0,1,0,3,11,0,0,4,35,8
575,6,3,31,1,1,1,12,4,14,0
576,9,0,9,9,7,28,5,15,0,0
577,25,25,36,0,0,0,0,0,0,0
578,9,9,5,0,1,14,7,4,21,4
579,8,16,8,35,1,8,0,0,0,0
580,0,28,1,6,0,10,21,1,4,0
581,5,3,11,5,7,8,2,0,5,28
582,0,1,1,1,7,0,0,0,4,18
583,14,5,2,0,23,2,2,7,29,0
584,0,2,6,7,0,4,8,0,2,11
585,0,1,5,69,0,0,0,0,0,0
586,0,2,1,6,38,3,10,46,0,0
587,8,0,6,0,13,10,0,0,20,9
588,0,1,0,1,0,2,45,9,0,11
589,41,15,0,22,0,0,0,0,0,0
590,5,1,5,6,4,24,1,3,6,4
591,7,9,1,1,4,3,11,3,7,0
592,11,5,11,1,4,3,8,1,11,0
593,1,4,0,10,7,0,2,0,0,27
594,13,0,1,2,4,0,8,15,1,17
595,1,13,2,6,0,2,1,13,0,0
596,13,1,6,6,1,4,1,3,3,12
597,14,1,10,0,2,1,24,16,41,0
598,1,4,4,17,5,1,7,0,2,13
599,3,1,1,1,17,0,1,1,1,4
600,17,2,10,0,17,0,52,0,0,0
601,9,0,0,0,22,6,5,26,0,19
602,0,0,0,2,27,2,3,1,4,0
603,0,11,18,0,3,1,14,0,4,2
604,1,8,7,0,14,13,1,0,16,17
605,3,2,1,0,11,16,2,7,2,24
606,8,7,13,1,9,2,23,7,9,0
607,16,0,0,0,3,4,1,3,22,0
608,1,0,16,10,16,1,2,1,5,19
609,6,3,0,10,4,1,0,18,14,4
610,0,1,0,0,41,58,0,0,0,0
611,1,5,11,0,25,2,0,5,2,35
612,3,0,0,0,2,0,0,35,1,43
613,1,1,27,4,6,1,0,1,24,42
614,0,2,0,1,3,2,1,1,1,11
615,7,33,2,0,5,0,1,3,3,45
616,0,3,2,5,32,42,0,0,0,0
617,4,5,11,1,9,0,8,44,0,0
618,2,0,3,0,34,10,12,0,2,0
619,5,1,0,3,10,14,0,25,30,0
620,17,23,1,2,5,14,0,0,0,13
621,2,0,20,5,0,0,14,1,5,0
622,0,0,5,0,40,1,5,10,24,0
623,0,3,0,0,18,0,13,4,24,1
624,6,7,0,8,11,0,28,11,0,0
625,6,2,28,4,2,8,1,7,2,1
626,7,7,7,1,11,8,24,31,0,0
627,1,0,4,23,16,0,15,37,0,0
628,4,3,1,1,7,0,5,2,1,1
629,11,7,5,16,0,15,63,0,0,0
630,5,19,26,1,7,0,6,26,0,0
631,1,0,19,16,5,3,0,20,20,0
632,8,0,5,10,3,0,0,14,0,1
633,29,0,0,1,2,1,1,7,2,18
634,7,0,3,0,6,1,2,4,17,1
635,5,1,18,26,1,17,0,1,2,0
636,5,0,6,0,8,25,4,9,8,45
637,1,7,0,25,7,8,4,0,19,0
638,1,7,4,6,0,4,2,14,0,0
639,0,0,1,14,11,9,5,14,5,14
640,1,3,9,32,12,1,0,1,5,59
641,25,2,15,4,4,47,0,0,0,0
642,0,3,6,7,0,42,0,1,11,4
643,58,0,1,27,0,0,0,0,0,0
644,0,20,0,2,3,5,17,0,1,56
645,1,2,5,1,5,0,11,5,3,39
646,4,3,0,0,1,24,7,1,0,1
647,1,0,0,11,4,0,4,10,12,13
648,0,0,11,10,1,19,5,8,25,0
649,1,2,3,41,19,4,6,0,0,0
650,19,3,0,1,5,6,4,0,15,6
651,1,5,0,1,63,5,0,0,0,0
652,12,0,4,3,0,0,0,4,1,13
653,0,1,0,18,2,2,4,0,0,9
654,1,5,0,8,3,1,5,2,6,7
655,16,13,6,2,2,11,0,2,11,5
656,11,4,19,1,1,4,9,13,11,0
657,1,8,10,3,14,1,1,13,15,6
658,12,0,11,10,5,6,0,4,0,2
659,1,3,4,0,23,0,25,1,0,26
660,21,12,5,6,7,7,0,4,11,0
661,21,6,10,0,6,19,9,0,0,0
662,0,2,24,9,4,6,11,13,12,0
663,3,14,0,12,18,34,0,0,0,0
664,1,1,1,3,1,14,0,8,7,7
665,0,0,3,0,1,0,2,21,3,8
666,22,0,11,15,0,8,0,6,0,1
667,1,21,5,9,32,1,0,4,0,0
668,12,0,1,29,5,4,1,0,55,0
669,5,1,22,28,25,0,0,0,0,0
670,0,11,6,0,0,1,13,5,4,14
671,29,5,0,10,4,4,0,0,1,4
672,6,9,2,35,10,10,0,0,0,0
673,9,0,14,0,0,85,0,0,0,0
674,4,6,6,6,17,0,3,0,4,1
675,2,5,0,8,0,3,1,0,19,0
676,23,4,6,1,6,7,2,1,1,5
677,1,6,1,2,0,3,6,0,0,15
678,0,14,1,12,0,12,1,26,1,6
679,1,0,1,0,3,8,12,6,16,0
680,0,0,3,34,14,1,5,47,0,0
681,9,0,1,6,4,8,5,0,28,25
682,8,24,1,27,0,0,62,0,0,0
683,2,8,13,3,10,6,0,8,0,18
684,12,6,11,2,0,11,3,2,16,19
685,4,3,0,5,4,8,48,0,0,0
686,1,5,1,0,1,7,1,1,11,12
687,0,0,2,1,0,6,1,31,5,64
688,0,12,4,0,2,16,41,0,0,0
689,0,1,2,3,21,22,2,0,4,2
690,1,0,1,6,0,1,2,0,2,22
691,5,0,10,15,10,0,70,0,0,0
692,15,10,1,11,5,8,6,32,0,0
693,7,0,4,14,1,13,0,23,0,5
694,31,1,0,17,5,15,14,0,0,0
695,0,3,2,11,1,4,4,2,0,8
696,0,2,0,0,5,0,1,10,5,12
697,5,1,1,25,7,1,4,2,1,7
698,9,1,9,0,4,0,3,13,0,65
699,1,17,2,1,0,0,8,5,1,24
700,17,0,4,0,14,5,1,10,4,0
701,7,11,1,1,0,17,2,27,2,25
702,8,3,21,1,31,1,3,3,0,0
703,9,19,1,0,8,0,1,3,12,1
704,6,11,42,11,4,0,0,0,0,0
705,3,3,0,27,10,14,3,14,0,0
706,48,0,1,1,2,0,17,1,0,48
707,0,2,14,5,19,2,1,17,0,5
708,7,0,2,13,1,5,0,14,7,0
709,3,2,3,15,7,3,6,1,0,6
710,3,0,0,25,7,1,2,1,1,0
711,2,1,2,5,2,3,6,0,0,5
712,3,1,1,36,35,0,0,0,0,0
713,1,2,6,0,1,12,4,13,0,1
714,1,2,0,3,2,3,10,3,1,0
715,14,2,9,12,2,5,13,1,30,0
716,19,3,0,1,0,2,5,0,42,0
717,10,1,11,2,0,5,15,4,9,25
718,0,0,0,6,26,5,4,1,23,5
719,0,3,36,0,4,21,121,0,0,0
720,6,1,0,26,35,28,0,0,0,0
721,0,0,2,2,1,50,15,17,0,0
722,67,0,13,0,0,0,0,0,0,0
723,0,1,0,0,25,0,14,2,16,5
724,13,0,55,17,0,0,0,0,0,0
725,0,24,6,13,2,8,5,0,1,1
726,1,18,16,31,9,0,0,0,0,0
727,0,0,3,17,0,0,1,7,0,18
728,1,6,2,0,11,4,0,0,4,22
729,1,9,1,29,6,16,5,0,42,0
730,5,17,0,2,10,1,0,5,25,5
731,0,11,3,2,0,3,2,1,60,0
732,13,1,0,13,7,3,12,2,0,4
733,23,0,0,0,6,3,28,3,9,0
734,1,5,8,22,0,5,16,11,16,0
735,19,0,7,15,1,1,1,9,2,0
736,22,2,16,0,5,3,17,5,9,0
737,22,6,1,1,7,33,7,0,0,0
738,27,20,0,1,21,2,0,0,0,0
739,2,13,1,1,13,3,1,22,0,0
740,0,8,1,44,1,0,3,4,1,11
741,4,2,2,14,0,16,1,5,7,13
742,9,26,17,6,0,1,1,0,10,8
743,0,1,9,1,0,0,2,6,5,111
744,1,3,10,0,6,28,4,0,10,2
745,0,0,0,2,4,0,26,7,5,0
746,12,0,1,2,6,9,3,1,4,9
747,1,0,1,5,23,0,6,2,26,1
748,5,21,10,9,0,24,9,0,0,0
749,20,41,46,0,0,0,0,0,0,0
750,12,15,11,1,2,0,6,8,0,62
751,38,7,1,1,10,0,12,2,0,0
752,1,22,4,2,1,2,6,3,1,0
753,13,5,21,5,0,3,42,0,0,0
754,2,1,4,10,1,0,2,21,43,0
755,3,0,5,13,9,4,19,0,39,0
756,2,17,6,11,5,1,23,1,37,0
757,0,1,3,3,18,4,9,0,10,113
758,13,40,1,6,11,0,0,0,0,0
759,3,1,14,0,13,21,2,14,11,0
760,5,4,0,13,3,0,9,8,22,33
761,3,5,37,1,2,33,0,0,0,0
762,0,2,0,4,26,10,1,0,16,1
763,1,5,1,6,0,3,7,1,3,3
764,0,0,5,2,2,5,1,1,1,27
765,2,37,10,4,1,8,14,0,0,0
766,31,1,23,0,20,0,0,0,0,0
767,7,2,2,6,0,2,16,0,11,6
768,0,18,21,1,2,6,11,7,1,4
769,6,6,24,7,3,4,6,1,39,0
770,0,2,2,8,1,13,3,1,9,17
771,17,3,31,9,2,0,10,0,0,0
772,4,9,0,3,0,26,5,1,12,6
773,5,1,9,0,1,2,9,7,21,8
774,4,0,0,38,2,3,0,30,0,0
775,3,7,0,1,4,10,15,11,2,16
776,0,7,3,6,30,1,0,2,1,20
777,0,1,10,1,3,2,4,2,15,18
778,22,0,2,21,6,9,5,9,0,0
779,7,1,1,1,3,1,2,3,10,1
780,12,2,1,0,24,21,19,0,0,0
781,0,3,46,6,1,0,3,0,27,0
782,0,3,11,8,11,10,6,43,0,0
783,6,0,3,1,0,2,8,8,7,45
784,6,3,0,1,2,31,18,2,9,0
785,9,6,25,0,0,23,14,0,0,0
786,0,1,17,0,0,35,0,2,6,0
787,44,8,1,16,6,0,0,0,0,0
788,5,16,0,8,3,1,31,17,0,0
789,12,0,5,5,1,38,19,0,0,0
790,1,1,1,2,6,3,1,0,1,2
791,14,16,19,0,1,5,0,2,1,2
792,1,0,0,2,8,3,17,31,2,1
793,3,32,29,8,0,0,0,0,0,0
794,0,0,1,9,13,1,2,1,13,9
795,0,4,9,1,5,8,18,25,8,0
796,0,12,0,28,3,21,19,0,0,0
797,31,32,7,1,0,0,0,0,0,0
798,8,0,1,37,1,2,18,0,13,0
799,28,5,0,1,18,5,1,15,0,0
800,1,3,0,2,5,0,5,7,0,12
801,2,2,1,7,16,49,0,0,0,0
802,2,8,24,4,2,7,0,27,0,0
803,19,6,2,2,3,16,0,56,0,0
804,1,1,5,3,1,13,1,73,0,0
805,1,2,0,0,0,21,4,8,4,7
806,0,27,2,14,1,6,0,0,2,7
807,1,1,1,1,3,7,16,1,0,27
808,8,33,31,0,0,0,0,0,0,0
809,2,8,19,0,35,0,0,3,1,20
810,5,16,12,0,2,0,15,0,10,18
811,3,1,1,36,1,8,0,23,0,0
812,2,8,2,22,11,4,1,2,3,10
813,6,2,29,7,13,29,0,0,0,0
814,1,1,2,0,2,0,4,6,7,12
815,1,2,32,28,11,0,0,0,0,0
816,0,5,33,14,0,33,0,0,0,0
817,8,0,4,6,1,3,3,0,0,10
818,22,9,0,4,0,13,1,0,0,7
819,5,7,0,0,2,7,3,2,6,20
820,0,10,1,0,12,2,5,19,8,56
821,4,10,35,2,10,0,1,2,3,3
822,16,0,5,3,7,2,1,15,1,20
823,15,0,3,0,1,5,2,8,1,60
824,10,1,4,1,0,2,0,8,0,2
825,28,23,3,1,5,0,0,0,11,0
826,14,1,4,0,6,1,1,2,0,2
827,1,2,3,11,3,0,3,21,5,16
828,0,4,13,7,0,9,6,18,6,2
829,4,1,0,22,12,1,1,2,11,1
830,17,5,2,6,66,0,0,0,0,0
831,10,1,3,8,3,1,50,0,0,0
832,0,25,0,1,7,1,20,7,2,5
833,3,2,14,20,6,58,0,0,0,0
834,0,0,4,0,14,1,0,14,10,2
835,4,2,2,1,7,1,6,1,2,73
836,1,0,2,0,2,0,1,9,3,29
837,6,12,0,16,2,1,26,0,30,0
838,4,11,3,0,0,24,26,12,0,0
839,5,5,0,0,29,4,62,0,0,0
840,14,6,0,6,18,4,5,5,3,1
841,3,0,38,9,4,1,7,1,19,0
842,11,17,19,0,1,3,1,23,0,0
843,1,4,5,14,12,2,0,1,3,3
844,2,0,4,0,18,9,64,0,0,0
845,24,7,3,0,1,22,11,1,0,4
846,13,9,4,3,4,2,14,12,9,32
847,0,1,1,4,1,2,1,2,0,0
848,2,2,0,9,1,1,2,0,0,3
849,15,1,0,1,2,1,9,0,10,16
850,0,0,39,1,35,0,0,0,0,0
851,8,0,19,11,0,1,0,4,0,7
852,0,8,0,6,18,1,0,8,14,2
853,3,1,6,2,11,0,13,0,9,14
854,7,13,2,12,10,7,13,1,0,11
855,9,0,1,13,1,25,0,0,75,0
856,0,0,7,8,2,15,1,8,10,31
857,0,0,0,0,8,6,24,1,2,14
858,1,16,1,6,0,17,4,7,0,16
859,2,6,18,2,4,4,8,0,69,0
860,6,29,15,6,0,14,11,0,0,0
861,0,0,13,25,1,17,1,1,2,22
862,0,17,1,14,23,1,6,2,1,0
863,24,4,6,6,0,12,0,1,0,33
864,1,5,0,12,4,0,15,23,2,8
865,13,1,6,1,4,5,3,19,43,0
866,2,24,21,1,11,15,0,0,0,0
867,3,11,0,0,10,0,26,30,0,0
868,0,8,10,11,18,1,2,5,13,4
869,0,1,27,1,11,1,23,1,0,17
870,13,0,16,1,7,11,14,24,0,0
871,7,11,2,52,0,0,0,0,0,0
872,37,0,3,4,0,21,3,16,0,0
873,31,0,0,2,0,13,15,1,10,0
874,18,32,1,16,0,61,0,0,0,0
875,0,0,15,15,23,35,0,0,0,0
876,22,36,20,0,0,0,0,0,0,0
877,0,1,0,0,8,1,2,18,30,0
878,21,22,6,7,8,1,1,0,24,0
879,17,19,5,1,27,1,6,0,0,0
880,0,6,5,6,4,0,4,28,1,9
881,0,1,15,1,1,3,1,0,4,8
882,1,11,5,1,17,3,0,17,7,19
883,11,3,17,6,2,3,0,75,0,0
884,16,3,7,0,2,17,5,0,5,4
885,2,1,0,3,2,2,2,0,40,22
886,1,3,1,26,1,27,7,1,5,0
887,11,0,5,4,27,23,13,0,0,0
888,1,3,0,6,24,1,0,9,6,24
889,3,1,2,2,9,0,0,4,4,0
890,0,11,8,0,24,1,0,2,15,7
891,8,6,1,16,8,0,1,8,70,0
892,58,1,11,2,0,0,0,0,0,0
893,2,0,35,0,3,34,0,0,0,0
894,7,2,21,5,2,0,0,5,38,0
895,1,1,0,0,0,0,72,0,0,0
896,0,1,19,15,3,3,1,24,2,25
897,43,0,11,4,10,2,7,0,0,0
898,4,33,0,1,0,0,3,1,5,0
899,0,3,23,0,1,8,45,0,0,0
900,3,16,0,21,1,2,8,7,13,0
901,1,0,1,5,13,18,0,0,2,18
902,10,2,46,4,0,17,0,0,0,0
903,0,1,3,105,0,0,0,0,0,0
904,19,24,0,0,2,2,5,16,6,0
905,37,0,4,0,9,1,5,5,0,4
906,5,1,0,6,21,15,0,3,2,15
907,16,1,8,0,0,1,36,0,3,22
908,6,5,10,0,10,10,10,23,0,0
909,11,4,2,6,0,2,7,11,1,1
910,7,7,0,1,7,2,3,2,52,0
911,45,1,1,0,0,7,0,10,2,2
912,4,0,4,5,0,2,4,4,0,0
913,0,0,22,8,7,2,0,7,30,0
914,10,2,6,2,2,52,0,0,0,0
915,1,3,4,0,8,0,7,0,72,0
916,24,2,0,21,2,4,20,0,0,0
917,35,18,17,1,0,0,0,0,0,0
918,12,59,0,0,0,0,0,0,0,0
919,18,25,0,8,2,1,6,7,4,0
920,2,4,2,2,4,7,9,8,16,1
921,28,64,0,0,0,0,0,0,0,0
922,7,2,10,0,1,0,9,2,0,40
923,25,5,1,1,5,0,61,0,0,0
924,0,6,0,2,10,12,0,21,3,47
925,2,4,19,0,6,13,1,35,0,0
926,1,6,0,0,17,8,4,13,14,2
927,0,47,3,4,0,0,56,0,0,0
928,6,18,2,7,1,19,6,4,14,0
929,17,5,2,4,1,47,0,0,0,0
930,0,3,9,1,6,1,43,8,0,0
931,25,0,1,0,0,8,27,3,1,84
932,4,0,1,9,18,0,1,3,4,42
933,2,10,3,0,0,0,8,4,2,0
934,0,0,1,0,4,8,7,53,0,0
935,2,2,3,9,1,0,0,1,49,42
936,2,8,2,5,2,4,1,23,1,1
937,11,34,7,36,0,0,0,0,0,0
938,3,41,2,52,0,0,0,0,0,0
939,0,10,3,1,0,8,3,11,14,2
940,0,48,1,0,0,1,5,1,2,3
941,5,7,0,6,1,4,0,24,25,0
942,9,14,6,2,48,0,0,0,0,0
943,0,1,4,4,6,0,0,28,6,37
944,1,0,0,8,0,1,2,1,6,1
945,1,6,2,16,19,21,1,42,0,0
946,22,3,0,63,0,0,0,0,0,0
947,20,1,45,11,0,0,0,0,0,0
948,9,8,1,6,3,1,0,3,24,3
949,8,2,11,13,33,20,0,0,0,0
950,12,18,5,0,2,6,2,7,15,3
951,22,20,10,35,0,0,0,0,0,0
952,5,3,6,32,0,4,28,0,0,0
953,2,0,1,18,19,0,40,0,0,0
954,7,2,15,28,5,7,12,0,0,0
955,1,5,0,0,11,5,10,0,1,7
956,3,3,1,0,1,4,3,7,0,2
957,2,0,0,6,4,1,0,1,15,13
958,2,4,0,2,1,15,2,14,0,24
959,15,7,64,0,0,0,0,0,0,0
960,0,2,6,0,0,10,1,1,45,9
961,14,0,4,9,6,3,9,4,1,19
962,1,32,22,10,4,4,0,0,0,0
963,34,1,5,14,0,49,0,0,0,0
964,4,0,5,2,2,28,1,0,35,0
965,0,0,20,8,5,20,5,5,4,19
966,7,3,24,0,14,1,1,0,19,5
967,9,5,59,0,0,0,0,0,0,0
968,1,4,2,15,5,6,4,1,4,1
969,0,6,0,29,1,8,3,7,42,0
970,0,1,1,6,4,0,22,0,1,0
971,3,12,3,5,0,7,24,16,2,0
972,13,20,2,10,4,5,25,0,0,0
973,0,0,8,13,2,33,8,1,2,0
974,3,0,1,31,1,3,6,1,0,85
975,15,23,10,0,13,1,0,1,27,0
976,1,6,1,13,5,1,1,51,0,0
977,9,21,12,0,0,0,25,0,14,0
978,1,34,1,1,5,14,3,10,4,0
979,0,0,18,5,1,25,4,0,1,0
980,19,6,0,32,11,0,11,0,0,0
981,16,8,8,1,14,3,5,2,1,7
982,1,1,13,5,18,0,20,9,24,0
983,0,12,1,2,15,5,1,26,3,0
984,85,0,0,0,0,0,0,0,0,0
985,16,1,4,6,2,6,15,1,54,0
986,15,6,0,3,1,21,0,0,1,5
987,1,2,4,20,9,16,0,0,38,0
988,9,9,6,4,1,3,11,1,1,5
989,8,2,0,4,20,3,0,0,0,5
990,7,6,3,1,25,7,0,0,6,0
991,0,19,2,5,9,8,0,4,23,0
992,2,5,15,1,16,3,21,1,1,6
993,2,1,8,0,1,3,2,0,1,34
994,5,0,12,7,1,8,0,2,7,1
995,4,0,7,8,8,6,15,0,5,8
996,7,6,1,69,0,0,0,0,0,0
997,10,2,1,20,1,30,8,0,0,0
998,5,4,3,0,1,1,7,2,31,35
999,2,46,21,1,9,0,0,0,0,0
1000,19,5,2,5,0,2,2,6,4,0
1001,0,1,4,0,5,29,2,1,53,0
1002,1,4,27,3,23,25,0,0,0,0
1003,3,1,1,0,12,0,2,6,1,2
1004,4,2,9,0,0,1,9,0,44,53
1005,6,1,11,3,6,4,4,18,1,9
1006,0,1,2,9,6,7,0,2,48,0
1007,2,11,0,2,6,0,2,13,8,35
1008,6,5,9,9,2,0,11,11,17,62
1009,46,0,0,1,7,2,1,2,19,0
1010,0,7,5,3,7,1,23,8,26,0
1011,13,6,15,2,2,4,0,3,4,7
1012,0,11,3,6,3,21,0,9,10,8
1013,2,2,0,6,19,1,8,7,2,0
1014,25,6,2,0,0,0,22,1,2,4
1015,0,4,18,11,18,10,4,15,0,0
1016,1,28,6,4,0,7,3,0,22,0
1017,12,0,2,0,16,1,0,3,17,20
1018,2,1,7,22,9,14,9,12,0,0
1019,6,33,3,9,8,0,19,0,0,0
1020,11,7,0,11,1,7,13,15,38,0
1021,4,1,1,0,0,5,4,0,15,1
1022,4,3,4,0,1,3,0,31,3,3
1023,0,0,0,0,1,0,8,27,0,74
1024,39,9,10,4,5,0,1,28,0,0
1025,9,13,1,0,6,2,0,1,1,72
1026,13,16,2,3,0,1,12,0,2,41
1027,0,16,3,10,26,35,0,0,0,0
1028,2,1,0,0,0,19,0,13,1,5
1029,27,9,51,0,0,0,0,0,0,0
1030,73,0,0,0,0,0,0,0,0,0
1031,3,0,9,0,25,12,10,2,10,0
1032,3,3,20,0,5,1,9,4,2,4
1033,5,1,8,0,0,2,9,50,0,0
1034,0,1,4,1,11,0,7,27,11,0
1035,65,1,10,0,0,0,0,0,0,0
1036,0,0,12,2,0,0,4,8,0,15
1037,4,8,2,17,2,3,1,38,0,0
1038,2,0,3,7,8,7,8,28,0,1
1039,2,24,0,4,5,0,1,1,2,10
1040,30,4,9,0,8,11,28,0,0,0
1041,5,2,25,4,1,0,6,15,14,0
1042,0,0,5,9,6,3,1,0,0,7
1043,3,0,5,2,0,12,0,1,9,2
1044,21,2,0,1,2,11,18,3,3,0
1045,7,15,0,4,3,4,2,6,3,14
1046,1,7,20,6,7,10,2,1,5,1
1047,2,0,11,11,3,8,25,25,0,0
1048,4,12,4,1,19,1,0,5,11,51
1049,13,18,7,0,5,4,3,0,1,35
1050,22,18,28,9,0,0,0,0,0,0
1051,2,9,3,9,5,0,35,7,9,0
1052,10,5,9,13,1,68,0,0,0,0
1053,0,3,5,4,11,25,3,20,0,0
1054,0,10,1,41,9,1,0,0,2,1
1055,9,0,11,2,1,2,10,4,32,0
1056,1,0,15,7,8,7,11,0,0,2
1057,2,2,22,5,2,0,1,8,8,15
1058,10,2,2,0,14,1,34,2,29,0
1059,15,9,10,2,3,1,1,13,0,84
1060,2,2,0,7,6,1,2,36,8,9
1061,1,1,15,2,6,0,15,18,4,19
1062,1,22,1,3,2,1,28,5,0,30
1063,0,7,13,13,1,20,5,17,0,0
1064,0,0,20,3,22,4,15,8,0,0
1065,20,1,0,7,4,28,0,5,1,2
1066,2,5,8,1,10,0,5,19,8,1
1067,8,0,61,4,0,0,0,0,0,0
1068,7,13,2,8,0,0,19,17,11,0
1069,12,1,1,0,1,0,7,1,11,1
1070,2,1,4,76,0,0,0,0,0,0
1071,4,4,12,14,9,1,6,7,1,15
1072,6,2,1,0,9,2,15,3,12,3
1073,1,21,3,0,3,14,25,18,0,0
1074,46,22,3,0,0,0,0,0,0,0
1075,12,5,5,21,31,0,0,0,0,0
1076,0,2,10,2,0,3,6,21,9,0
1077,1,11,4,8,0,14,0,0,11,48
1078,1,13,15,7,9,11,17,0,0,0
1079,22,7,1,3,0,1,1,2,10,6
1080,7,5,1,3,0,10,3,0,4,26
1081,1,5,0,0,0,10,0,5,0,28
1082,0,4,38,18,15,0,0,0,0,0
1083,9,1,4,1,4,0,0,4,1,20
1084,5,15,2,4,6,7,0,12,2,2
1085,0,5,0,0,13,7,9,13,0,0
1086,1,20,0,1,0,1,5,3,4,24
1087,2,4,3,1,1,2,2,112,0,0
1088,1,6,10,16,4,3,74,0,0,0
1089,28,6,0,2,2,14,30,0,0,0
1090,4,19,3,22,6,5,0,2,1,20
1091,0,3,5,7,7,3,2,13,1,3
1092,4,1,21,41,10,0,0,0,0,0
1093,12,0,3,8,8,1,1,1,2,4
1094,1,16,4,9,3,28,4,9,0,0
1095,0,1,2,46,1,0,26,0,0,0
1096,8,0,18,0,4,0,0,5,21,48
1097,0,39,16,1,11,21,0,0,0,0
1098,3,5,3,8,6,0,2,7,9,0
1099,0,0,7,5,2,0,4,3,4,14
1100,1,8,0,34,24,1,94,0,0,0
1101,30,1,0,10,31,0,0,0,0,0
1102,1,0,2,8,4,3,4,11,3,6
1103,3,10,5,1,35,15,8,0,0,0
1104,0,14,5,1,23,20,14,0,0,0
1105,4,40,2,6,0,6,33,0,0,0
1106,3,15,11,9,10,0,7,6,6,91
1107,14,6,1,3,3,12,0,14,8,0
1108,0,2,1,0,39,13,3,19,0,0
1109,0,6,49,8,7,4,0,0,0,0
1110,0,5,3,35,0,2,2,13,1,6
1111,0,0,3,3,8,1,11,0,19,17
1112,0,18,10,21,3,9,9,1,0,0
1113,5,3,16,42,16,0,0,0,0,0
1114,0,3,21,1,35,0,17,0,0,0
1115,0,2,6,0,11,2,31,0,0,10
1116,7,6,18,3,4,5,2,52,0,0
1117,0,0,0,8,13,0,17,5,1,11
1118,5,6,2,0,38,12,3,6,0,0
1119,3,6,7,0,6,12,2,18,1,44
1120,3,23,9,18,26,0,0,0,0,0
1121,0,1,2,1,6,4,5,0,14,0
1122,0,41,1,0,77,0,0,0,0,0
1123,4,1,29,22,5,0,17,0,0,0
1124,8,3,20,0,0,4,5,0,11,21
1125,1,2,3,87,0,0,0,0,0,0
1126,1,1,3,6,1,8,4,18,18,2
1127,9,0,1,1,7,3,4,3,10,26
1128,4,0,15,0,3,8,23,27,0,0
1129,0,1,7,3,0,5,10,1,111,0
1130,13,1,4,2,57,0,0,0,0,0
1131,2,1,3,22,0,2,1,1,0,13
1132,0,0,20,0,47,21,0,0,0,0
1133,0,2,0,15,5,2,3,0,18,11
1134,1,0,0,22,4,2,1,0,17,1
1135,0,5,4,8,2,2,1,11,0,2
1136,0,0,2,0,8,2,1,1,0,0
1137,14,0,11,65,0,0,0,0,0,0
1138,15,3,15,1,43,0,0,0,0,0
1139,0,0,0,13,15,17,5,8,17,0
1140,9,9,3,3,6,4,12,3,7,10
1141,21,1,1,1,3,8,0,1,7,30
1142,6,1,4,12,15,13,27,0,0,0
1143,6,3,0,1,3,0,4,5,1,38
1144,4,5,1,11,0,0,13,15,10,8
1145,1,2,1,16,1,25,7,9,9,0
1146,16,18,32,1,1,6,0,0,0,0
1147,16,2,1,1,2,1,4,33,14,0
1148,0,3,15,4,22,0,6,20,1,0
1149,11,2,8,2,5,1,1,0,4,15
1150,6,3,0,14,0,2,16,0,13,12
1151,1,26,0,3,14,2,46,0,0,0
1152,1,36,1,0,0,15,6,17,0,0
1153,2,17,1,2,3,2,8,0,10,1
1154,3,1,0,22,0,1,1,7,5,20
1155,27,17,2,12,17,0,0,0,0,0
1156,20,0,37,4,3,13,0,0,0,0
1157,4,8,11,4,3,15,10,1,11,2
1158,3,2,3,23,6,40,0,0,0,0
1159,1,8,5,7,0,11,9,7,11,14
1160,1,1,6,11,22,10,1,1,12,7
1161,6,13,2,1,1,1,42,3,0,0
1162,18,0,1,13,3,2,9,2,1,1
1163,2,8,1,10,14,4,1,2,5,0
1164,3,6,5,30,1,3,0,4,15,6
1165,5,4,5,11,0,8,11,7,13,6
1166,1,2,3,2,11,35,18,0,0,0
1167,1,2,0,6,10,0,18,16,24,0
1168,12,3,6,13,1,1,0,9,81,0
1169,0,52,41,0,0,0,0,0,0,0
1170,3,16,3,14,1,34,0,0,0,0
1171,13,9,4,0,23,35,0,0,0,0
1172,8,19,2,4,2,0,12,5,0,30
1173,1,49,0,4,0,8,1,6,11,0
1174,1,0,9,0,11,0,0,18,16,26
1175,5,1,3,27,2,6,1,2,26,0
1176,5,2,6,0,9,0,0,0,2,5
1177,41,16,0,6,0,0,1,9,0,0
1178,24,6,18,43,0,0,0,0,0,0
1179,0,19,1,15,2,7,4,0,1,0
1180,14,2,0,12,7,18,6,19,0,0
1181,3,0,11,2,4,0,0,5,0,2
1182,0,2,3,19,11,4,7,24,15,0
1183,34,0,24,21,0,0,0,0,0,0
1184,0,1,7,7,9,4,21,0,5,1
1185,1,14,1,10,11,2,2,1,0,6
1186,4,0,9,0,23,6,4,0,45,0
1187,2,13,0,11,8,7,7,43,0,0
1188,11,0,1,0,1,9,19,9,2,1
1189,1,1,6,5,11,19,3,19,5,48
1190,5,6,4,45,0,1,1,9,0,0
1191,60,19,0,0,0,0,0,0,0,0
1192,13,34,0,0,12,2,6,0,0,0
1193,1,28,2,2,2,4,1,1,79,0
1194,2,3,1,14,31,0,8,7,3,59
1195,0,0,6,1,1,1,1,0,2,1
1196,10,1,2,22,1,0,0,0,24,23
1197,0,3,3,2,9,0,7,1,2,12
1198,30,0,6,1,5,6,8,0,6,2
1199,16,15,0,0,16,6,4,10,9,0
1200,3,1,15,20,2,5,0,30,0,0
1201,18,2,4,20,4,1,34,0,0,0
1202,1,6,0,10,10,34,12,0,0,0
1203,18,7,14,0,17,1,1,7,13,0
1204,13,3,10,3,0,0,0,43,0,0
1205,1,1,36,4,0,7,6,12,1,1
1206,1,2,0,11,19,0,4,0,52,0
1207,0,1,50,1,0,0,5,8,0,13
1208,6,1,4,7,3,3,3,17,3,17
1209,13,20,1,11,3,3,7,37,0,0
1210,12,1,18,37,11,0,0,0,0,0
1211,3,18,3,14,9,1,0,22,6,0
1212,0,24,3,4,13,1,86,0,0,0
1213,3,1,0,0,0,44,15,3,21,0
1214,2,3,0,5,21,18,1,8,11,17
1215,0,4,10,3,8,0,0,13,1,1
1216,66,21,0,0,0,0,0,0,0,0
1217,4,0,4,30,1,1,18,12,1,0
1218,1,0,3,1,1,10,3,2,8,7
1219,7,1,33,0,39,0,0,0,0,0
1220,3,10,6,6,6,4,1,12,1,13
1221,13,21,30,1,37,0,0,0,0,0
1222,21,0,0,3,0,1,11,1,21,32
1223,1,1,11,0,0,0,0,14,2,21
1224,1,3,4,2,4,0,2,0,0,0
1225,0,6,5,19,7,0,2,2,12,12
1226,6,1,2,10,20,14,13,4,6,0
1227,5,19,1,23,0,1,0,1,9,7
1228,0,3,2,0,6,0,7,0,1,6
1229,11,7,0,1,6,1,7,9,0,46
1230,0,0,3,9,0,2,6,1,11,29
1231,6,26,10,30,0,0,0,0,0,0
1232,0,1,0,4,1,2,6,2,1,16
1233,13,0,4,19,1,3,5,10,0,0
1234,0,16,0,4,0,2,1,0,38,2
1235,38,0,1,4,10,0,12,0,4,1
1236,1,11,2,0,11,18,13,42,0,0
1237,0,0,6,9,1,9,2,14,4,1
1238,1,3,2,17,3,2,16,13,0,17
1239,6,1,9,19,34,1,1,0,0,0
1240,14,1,1,2,0,6,0,9,45,0
1241,1,6,1,4,1,6,0,15,4,1
1242,1,10,13,5,8,3,1,3,0,7
1243,8,1,0,0,2,1,10,9,10,1
1244,2,14,4,20,18,0,0,40,0,0
1245,1,0,5,25,0,1,9,4,26,0
1246,4,0,4,31,0,1,1,9,16,32
1247,0,12,19,10,14,0,0,27,0,0
1248,1,2,0,1,0,3,23,15,5,2
1249,13,18,4,6,13,0,36,0,0,0
1250,8,32,2,1,3,0,21,1,8,0
1251,8,2,7,1,0,9,1,2,39,6
1252,3,4,27,2,4,5,0,4,1,0
1253,0,1,8,8,0,1,7,4,1,0
1254,1,16,7,8,1,1,4,39,0,0
1255,0,9,14,58,0,0,0,0,0,0
1256,0,5,2,10,5,7,5,0,11,0
1257,4,0,8,1,1,0,7,29,25,0
1258,0,22,25,1,14,3,5,23,0,0
1259,15,0,1,7,0,0,0,6,0,0
1260,4,14,5,0,1,5,1,3,0,1
1261,7,21,0,3,1,4,5,3,17,2
1262,0,5,5,4,8,1,18,0,3,2
1263,0,6,22,1,2,0,1,0,2,0
1264,1,2,0,0,0,5,5,24,15,8
1265,1,30,4,5,1,0,10,1,0,36
1266,1,2,15,7,0,2,10,0,1,16
1267,9,13,7,9,3,0,2,8,2,6
1268,9,1,2,1,23,14,0,30,0,0
1269,1,1,6,3,3,33,7,30,0,0
1270,0,5,1,20,2,1,12,21,1,16
1271,17,1,22,14,7,0,4,4,5,0
1272,1,0,1,34,3,0,1,1,0,4
1273,3,0,11,2,12,6,1,64,0,0
1274,9,7,2,1,9,44,0,0,0,0
1275,5,22,2,0,3,8,1,18,3,36
1276,35,21,3,1,8,0,1,27,0,0
1277,1,19,10,0,3,11,14,7,0,37
1278,2,2,0,4,2,0,7,12,3,5
1279,0,2,1,15,0,1,2,0,0,0
1280,16,2,1,4,0,0,2,4,0,1
1281,1,6,17,3,16,1,6,3,126,0
1282,19,6,9,6,1,26,12,0,0,0
1283,7,6,0,12,1,6,36,0,1,0
1284,9,38,11,15,0,0,0,0,0,0
1285,6,5,13,1,10,1,2,11,12,2
1286,0,0,7,8,0,9,0,22,1,3
1287,2,0,1,3,28,0,2,5,0,13
1288,1,5,5,18,3,0,10,20,39,0
1289,36,0,21,17,0,0,0,0,0,0
1290,16,5,23,7,5,5,18,0,0,0
1291,10,15,9,3,6,1,9,6,9,0
1292,5,2,21,7,14,0,0,23,0,0
1293,0,0,7,3,9,14,3,0,7,0
1294,7,3,15,3,3,3,2,18,1,23
1295,1,2,7,4,10,1,14,0,2,5
1296,1,45,1,0,4,4,36,0,0,0
1297,13,18,5,1,4,6,1,3,6,4
1298,1,1,3,1,4,0,4,1,16,33
1299,18,11,25,0,9,13,0,0,0,0
1300,41,3,10,10,2,16,0,0,0,0
1301,2,0,0,1,1,3,51,19,0,0
1302,1,4,59,13,0,0,0,0,0,0
1303,5,7,2,3,0,0,9,0,29,11
1304,7,3,0,11,5,2,4,1,1,2
1305,0,1,0,9,2,0,14,3,25,0
1306,4,7,0,0,5,1,0,18,13,13
1307,12,8,6,2,1,3,15,18,34,0
1308,2,17,2,6,3,13,25,3,0,0
1309,16,1,0,6,7,5,0,0,31,0
1310,3,2,1,8,0,3,0,1,0,1
1311,0,1,12,0,1,2,0,0,1,0
1312,2,1,9,39,2,19,0,0,0,0
1313,1,0,2,24,4,0,4,4,1,6
1314,1,18,11,2,1,0,1,1,49,0
1315,20,1,1,15,1,16,1,20,0,0
1316,3,24,3,0,4,2,0,0,6,1
1317,1,7,48,1,2,3,17,0,0,0
1318,24,1,3,0,8,2,6,8,62,0
1319,0,9,22,4,0,2,6,3,1,0
1320,5,1,5,2,0,9,3,6,0,1
1321,0,2,1,1,3,1,8,1,3,21
1322,1,16,1,20,0,1,0,10,5,8
1323,10,0,9,0,3,0,8,0,0,9
1324,4,3,4,0,6,1,0,11,2,19
1325,1,12,10,3,1,9,1,10,0,1
1326,5,13,22,0,34,0,0,0,0,0
1327,1,0,0,2,14,2,1,10,3,10
1328,4,1,3,1,2,7,10,16,0,3
1329,1,10,8,1,2,23,30,0,0,0
1330,8,32,0,11,49,0,0,0,0,0
1331,6,2,7,2,15,14,0,0,5,11
1332,2,3,10,17,3,0,13,17,8,0
1333,10,3,0,7,5,52,0,0,0,0
1334,0,0,1,2,1,4,13,44,23,0
1335,17,1,5,16,8,14,3,56,0,0
1336,7,34,12,15,25,0,0,0,0,0
1337,4,11,36,11,2,10,0,0,0,0
1338,0,0,0,41,1,1,8,12,14,0
1339,0,2,0,3,7,0,12,0,14,26
1340,2,1,10,4,1,13,14,60,0,0
1341,2,4,9,2,7,12,1,5,75,0
1342,22,0,25,26,0,0,0,0,0,0
1343,4,7,0,2,23,1,18,0,33,0
1344,11,12,14,3,15,3,1,52,0,0
1345,2,0,3,1,0,6,1,4,7,2
1346,0,0,5,4,1,0,60,2,0,0
1347,1,4,2,17,1,0,15,1,0,2
1348,3,5,2,1,10,0,4,5,18,9
1349,0,3,4,21,0,1,0,2,2,18
1350,4,1,15,6,5,3,7,0,3,1
1351,0,24,2,1,8,0,33,18,0,0
1352,36,5,1,4,0,1,10,28,0,0
1353,12,0,2,7,2,4,36,11,0,0
1354,15,8,8,9,7,0,2,3,2,1
1355,1,0,1,3,2,5,0,0,11,0
1356,42,16,8,4,0,6,0,0,0,0
1357,6,14,4,10,1,34,6,0,0,0
1358,4,22,5,1,1,0,16,2,29,0
1359,1,4,6,18,8,14,3,1,44,0
1360,2,0,1,3,0,20,11,1,7,41
1361,8,0,1,1,0,9,0,39,0,0
1362,0,11,1,2,4,0,0,3,3,65
1363,3,15,4,19,0,0,41,0,0,0
1364,1,0,8,19,2,2,10,4,28,0
1365,5,2,2,0,13,3,30,2,24,0
1366,3,1,5,19,3,18,15,2,55,0
1367,6,9,3,1,20,1,6,3,1,0
1368,2,16,7,2,2,0,1,16,8,0
1369,0,6,1,5,1,12,1,5,0,1
1370,0,18,1,2,1,4,0,4,3,10
1371,1,13,0,6,4,8,3,11,19,2
1372,0,1,29,5,24,2,0,11,0,0
1373,0,0,0,11,10,0,54,0,0,0
1374,0,1,1,8,5,29,39,0,0,0
1375,6,1,2,0,4,3,0,1,1,0
1376,13,5,17,4,1,4,1,2,4,4
1377,6,2,8,7,0,4,6,26,1,32
1378,13,2,18,4,7,1,27,0,0,0
1379,12,3,1,2,0,17,0,6,1,17
1380,2,5,9,0,2,0,0,0,1,1
1381,1,1,11,4,42,0,1,2,21,0
1382,11,0,0,0,5,3,5,0,0,0
1383,5,1,2,1,1,15,1,25,3,33
1384,0,38,0,2,0,17,29,0,0,0
1385,1,4,2,6,0,1,4,0,9,0
1386,0,6,6,31,0,10,49,0,0,0
1387,3,22,0,9,2,5,0,1,11,3
1388,44,13,23,0,0,0,0,0,0,0
1389,11,5,12,0,1,2,2,4,2,42
1390,9,11,8,0,0,4,27,3,2,8
1391,1,0,1,1,18,0,0,5,1,11
1392,8,1,0,4,4,3,3,32,2,1
1393,32,4,23,6,1,1,14,0,0,0
1394,3,15,7,2,4,3,2,0,42,0
1395,3,3,5,0,1,0,7,20,13,16
1396,3,0,8,2,5,2,9,0,6,0
1397,29,5,1,7,2,2,2,1,7,22
1398,2,2,0,1,0,0,15,1,6,5
1399,14,36,1,8,0,3,1,5,2,3
1400,11,1,0,1,1,2,17,10,1,13
1401,0,0,0,31,8,0,9,3,7,6
1402,2,9,1,5,1,9,26,26,0,0
1403,15,5,3,0,1,10,32,5,0,0
1404,2,24,5,0,1,10,0,10,8,4
1405,8,34,11,1,1,13,29,0,0,0
1406,5,0,1,1,1,7,13,1,5,0
1407,15,1,19,13,9,34,0,0,0,0
1408,2,2,0,0,0,2,0,18,10,3
1409,8,4,0,4,0,10,15,0,29,2
1410,0,0,0,2,19,0,3,2,11,4
1411,5,3,0,3,18,1,1,3,2,9
1412,10,7,12,2,6,6,0,0,23,2
1413,3,0,4,6,9,8,2,4,3,10
1414,10,0,2,30,9,2,23,0,0,0
1415,0,1,8,0,2,3,0,0,1,0
1416,3,0,16,11,0,1,3,4,30,16
1417,5,3,3,1,17,2,0,3,0,3
1418,2,19,0,10,1,9,17,4,0,5
1419,1,3,8,1,11,6,1,1,17,12
1420,2,4,1,19,0,7,6,15,0,5
1421,0,0,16,3,0,4,13,46,0,0
1422,8,0,36,19,3,6,0,0,0,0
1423,1,0,2,0,4,0,1,1,1,27
1424,15,40,0,36,0,0,0,0,0,0
1425,3,30,1,9,11,0,0,8,8,0
1426,21,3,2,6,5,4,1,2,5,4
1427,4,5,0,10,12,0,31,0,1,42
1428,5,2,3,1,7,43,2,8,0,0
1429,1,1,6,1,2,12,32,28,0,0
1430,0,1,0,10,0,2,0,6,0,2
1431,0,29,0,0,24,6,8,5,0,0
1432,8,1,11,1,1,0,2,0,1,65
1433,1,5,2,39,3,4,16,21,0,0
1434,1,0,1,9,13,14,2,4,5,13
1435,19,1,27,0,28,0,0,0,0,0
1436,4,0,2,18,2,1,4,0,34,36
1437,18,81,0,0,0,0,0,0,0,0
1438,4,50,0,43,0,0,0,0,0,0
1439,33,4,9,0,0,2,8,19,0,0
1440,4,0,3,1,1,68,0,0,0,0
1441,3,17,2,0,0,8,3,4,1,4
1442,3,26,23,6,6,4,0,5,0,0
1443,5,1,24,0,0,3,7,0,2,35
1444,16,1,11,0,1,0,0,8,17,0
1445,25,3,7,50,0,0,0,0,0,0
1446,9,8,9,15,5,2,6,4,25,0
1447,3,6,3,9,0,20,36,0,0,0
1448,0,1,7,5,4,25,0,14,32,0
1449,1,8,49,5,9,0,0,0,0,0
1450,43,0,23,1,6,0,0,0,0,0
1451,3,7,13,1,13,6,0,2,12,0
1452,1,5,9,1,2,11,14,51,0,0
1453,50,2,1,12,25,0,0,0,0,0
1454,11,30,0,5,0,24,14,0,0,0
1455,0,28,1,6,2,14,0,3,4,46
1456,0,1,0,2,3,8,1,14,20,12
1457,7,0,1,21,2,5,2,30,7,0
1458,1,1,0,13,21,3,9,1,0,1
1459,5,2,3,1,0,0,3,0,10,8
1460,1,1,13,24,10,8,5,15,0,0
1461,16,4,7,5,10,12,0,3,3,5
1462,16,9,3,6,13,26,0,0,0,0
1463,0,2,0,13,4,1,0,1,5,0
1464,7,18,12,9,9,13,1,0,2,0
1465,1,6,35,1,2,23,22,0,0,0
1466,4,0,4,1,0,2,4,9,6,20
1467,1,2,0,2,1,1,4,3,0,9
1468,0,5,42,4,60,0,0,0,0,0
1469,4,2,0,0,23,6,9,0,1,2
1470,5,9,1,3,1,12,13,5,0,27
1471,10,12,0,2,1,8,7,23,5,0
1472,2,0,11,77,0,0,0,0,0,0
1473,1,3,5,31,2,1,0,0,6,1
1474,10,1,0,8,4,1,6,4,11,10
1475,6,14,2,3,0,12,0,2,0,6
1476,19,3,1,16,5,2,6,2,12,2
1477,2,1,2,37,0,21,0,26,0,0
1478,0,0,6,5,0,7,1,1,4,2
1479,12,0,1,1,0,5,0,16,37,0
1480,20,3,2,17,0,1,2,36,0,0
1481,10,10,1,2,24,2,2,2,14,7
1482,3,10,11,4,2,35,28,0,0,0
1483,7,0,48,25,0,0,0,0,0,0
1484,1,41,8,0,0,7,8,2,4,0
1485,0,20,2,14,1,6,15,2,28,0
1486,1,13,28,3,4,1,3,27,0,0
1487,29,2,10,29,13,0,0,0,0,0
1488,16,12,24,1,24,0,0,0,0,0
1489,2,14,10,10,6,0,4,6,3,26
1490,1,5,2,1,12,1,0,29,0,8
1491,2,5,1,2,8,5,2,14,2,1
1492,12,8,19,11,0,6,1,5,23,0
1493,7,1,8,2,0,4,9,17,2,24
1494,1,4,0,18,1,38,3,13,0,0
1495,0,2,14,11,1,0,3,12,9,1
1496,12,54,0,14,0,0,0,0,0,0
1497,2,7,1,6,1,0,8,19,32,0
1498,16,12,11,1,1,1,13,4,1,2
1499,54,0,14,1,12,0,0,0,0,0
1500,7,30,3,3,39,0,0,0,0,0
1501,0,3,9,1,11,5,3,10,0,8
1502,0,2,5,1,2,1,0,7,25,0
1503,6,2,3,1,3,19,8,6,6,2
1504,10,0,2,12,3,1,11,14,2,4
1505,42,1,30,0,0,0,0,0,0,0
1506,10,3,3,0,8,34,1,1,11,0
1507,30,8,1,1,0,8,9,2,0,11
1508,2,0,1,2,6,5,3,5,8,4
1509,0,11,0,3,4,0,12,2,6,6
1510,17,21,8,8,5,2,2,20,0,0
1511,1,3,0,1,22,7,21,3,7,10
1512,13,14,0,23,36,0,0,0,0,0
1513,28,1,1,4,1,0,1,1,2,7
1514,2,0,11,0,10,1,0,0,41,86
1515,1,6,1,8,78,0,0,0,0,0
1516,0,0,0,3,0,3,5,1,3,1
1517,2,8,13,19,24,0,2,0,20,0
1518,8,10,25,17,0,4,1,7,0,0
1519,13,0,4,4,15,46,0,0,0,0
1520,0,0,0,24,9,4,4,2,0,3
1521,3,2,7,26,8,4,4,10,21,0
1522,3,1,1,3,2,3,28,5,1,3
1523,16,11,17,0,2,2,0,0,7,1
1524,8,7,5,0,23,5,19,0,2,3
1525,2,5,3,0,8,4,1,1,0,18
1526,33,0,5,25,29,0,0,0,0,0
1527,2,7,0,1,0,23,1,7,9,38
1528,4,1,13,0,8,12,0,5,1,19
1529,41,2,34,0,0,0,0,0,0,0
1530,27,1,0,1,5,42,0,0,0,0
1531,10,0,7,3,2,0,0,5,10,7
1532,10,3,0,1,1,5,4,0,3,1
1533,3,7,1,4,0,6,1,8,1,4
1534,4,8,4,3,1,26,0,1,7,1
1535,20,3,1,10,0,4,10,0,8,27
1536,2,5,0,22,23,3,3,32,0,0
1537,8,6,1,1,0,5,1,3,3,16
1538,15,5,1,0,0,0,21,9,5,3
1539,10,0,5,21,2,5,37,0,0,0
1540,2,10,1,31,1,0,4,18,5,0
1541,10,1,17,1,25,1,2,9,52,0
1542,5,9,4,16,36,1,0,0,0,0
1543,13,1,8,4,10,26,0,0,5,13
1544,3,0,0,12,2,2,10,6,0,19
1545,4,4,3,9,27,3,6,10,1,36
1546,4,0,1,6,0,9,0,7,19,1
1547,2,6,1,2,1,22,7,2,5,17
1548,18,4,22,1,1,53,0,0,0,0
1549,19,3,3,7,16,7,2,3,4,29
1550,4,30,0,5,2,0,0,23,3,1
1551,0,0,1,9,0,29,0,2,2,27
1552,2,12,11,6,27,23,0,0,0,0
1553,9,5,0,37,4,21,0,0,0,0
1554,9,7,2,9,1,12,19,3,4,0
1555,0,18,0,0,0,4,19,7,7,44
1556,1,2,15,0,2,5,21,2,1,0
1557,1,2,3,19,12,1,9,4,0,10
1558,9,6,2,4,17,2,0,96,0,0
1559,4,21,7,4,11,2,10,32,0,0
1560,14,0,5,2,16,0,7,0,3,0
1561,0,1,14,21,19,0,50,0,0,0
1562,32,1,14,3,2,13,3,12,0,0
1563,1,1,64,10,0,0,0,0,0,0
1564,1,17,15,19,8,0,1,11,0,0
1565,7,2,6,0,11,0,29,4,15,0
1566,5,13,28,1,0,0,1,6,5,1
1567,2,0,8,3,0,38,0,53,0,0
1568,1,5,31,9,11,0,6,2,15,0
1569,3,0,17,1,12,2,1,11,0,32
1570,2,5,6,1,7,0,2,2,12,25
1571,1,3,6,4,6,2,0,44,1,7
1572,1,17,1,2,0,0,10,12,15,2
1573,8,0,4,1,0,3,1,2,1,79
1574,12,1,3,18,15,1,8,24,0,0
1575,2,4,2,8,53,6,0,0,0,0
1576,11,24,2,3,7,0,0,12,0,6
1577,21,1,0,1,11,8,13,3,7,0
1578,5,0,1,1,1,9,1,1,6,2
1579,7,9,1,16,7,19,1,0,2,18
1580,24,1,9,3,2,20,8,6,0,0
1581,7,20,1,3,1,11,4,39,0,0
1582,0,12,8,17,0,14,8,61,0,0
1583,5,10,1,41,10,10,0,0,0,0
1584,4,4,1,9,7,10,0,16,5,23
1585,0,32,5,7,52,0,0,0,0,0
1586,2,1,0,2,0,21,1,3,7,1
1587,4,0,5,2,1,0,0,87,0,0
1588,1,29,0,13,1,5,2,10,6,0
1589,63,39,0,0,0,0,0,0,0,0
1590,1,5,7,3,1,0,4,0,1,0
1591,0,2,23,2,26,1,9,1,1,6
1592,0,0,10,16,13,0,1,8,2,0
1593,11,42,23,0,0,0,0,0,0,0
1594,23,1,22,7,2,1,1,6,1,4
1595,10,3,10,2,7,1,16,0,31,0
1596,7,15,0,5,29,6,0,3,17,0
1597,1,13,0,1,18,14,0,0,0,14
1598,0,34,0,5,4,2,19,1,41,0
1599,2,10,2,0,2,1,27,15,15,0
1600,29,0,6,10,0,30,0,0,0,0
1601,15,17,1,46,0,0,0,0,0,0
1602,0,2,0,3,19,3,4,4,4,3
1603,1,1,5,0,127,0,0,0,0,0
1604,0,0,14,6,3,16,13,0,11,2
1605,70,56,0,0,0,0,0,0,0,0
1606,6,0,2,13,2,0,1,12,20,2
1607,46,1,0,22,1,17,0,0,0,0
1608,4,8,3,1,9,3,23,25,0,0
1609,6,11,0,13,12,1,21,2,0,1
1610,6,4,4,11,15,1,4,7,9,8
1611,11,3,1,1,5,2,33,1,15,0
1612,12,14,3,38,0,22,0,0,0,0
1613,0,21,12,0,20,0,1,3,0,1
1614,6,9,8,0,4,0,4,3,9,4
1615,7,9,7,21,6,0,1,0,77,0
1616,16,2,0,4,5,58,0,0,0,0
1617,39,9,1,10,0,12,0,0,0,0
1618,1,4,5,1,9,5,6,3,19,0
1619,0,22,3,0,2,2,1,7,13,7
1620,0,12,4,16,2,14,6,0,1,25
1621,19,5,1,15,4,1,1,2,0,4
1622,1,1,0,0,11,0,20,7,3,11
1623,0,0,16,0,6,16,9,0,11,22
1624,14,2,1,2,0,1,0,10,0,6
1625,22,6,1,0,7,0,8,0,6,3
1626,38,30,4,0,0,0,0,0,0,0
1627,16,7,1,1,11,3,20,28,0,0
1628,7,23,0,1,0,0,1,4,71,0
1629,24,20,13,0,0,1,1,6,70,0
1630,3,47,1,0,25,0,0,0,0,0
1631,4,0,4,14,5,1,7,5,24,0
1632,0,2,1,11,3,11,8,6,2,7
1633,0,3,18,12,7,12,0,1,0,1
1634,11,1,4,18,0,1,1,1,19,8
1635,0,3,3,1,0,35,2,13,0,38
1636,14,0,4,0,5,5,7,2,42,0
1637,0,5,2,7,0,2,0,1,5,84
1638,1,2,11,0,0,3,1,2,36,0
1639,0,2,2,2,0,14,27,0,5,10
1640,0,18,15,0,0,2,45,0,0,0
1641,0,4,0,3,16,9,2,0,22,9
1642,10,3,2,1,31,1,2,7,1,0
1643,86,0,0,0,0,0,0,0,0,0
1644,1,14,2,57,0,0,0,0,0,0
1645,1,8,1,2,2,0,18,9,7,11
1646,7,33,22,8,4,0,0,0,0,0
1647,2,4,8,1,2,9,0,7,10,1
1648,22,10,13,0,0,13,1,0,14,0
1649,14,16,2,17,0,2,3,1,3,8
1650,0,3,11,1,1,9,0,9,35,7
1651,0,30,6,2,4,2,11,3,41,0
1652,2,14,3,2,0,0,9,19,7,3
1653,9,6,1,5,0,25,4,10,2,3
1654,19,3,1,9,6,3,23,3,0,1
1655,1,2,4,10,17,4,2,6,4,1
1656,0,1,6,1,53,1,8,0,2,0
1657,0,0,8,1,0,4,5,2,0,133
1658,5,18,2,19,3,3,1,0,11,33
1659,0,3,9,0,1,2,0,0,49,12
1660,4,15,0,29,0,1,0,21,18,0
1661,2,8,0,0,2,2,2,1,1,4
1662,1,4,3,2,0,1,2,5,3,2
1663,1,29,1,0,5,4,18,1,7,9
1664,3,5,4,6,0,5,2,1,0,16
1665,14,5,0,5,0,1,0,4,11,6
1666,3,10,5,18,43,0,0,0,0,0
1667,11,7,3,16,3,0,6,0,54,0
1668,4,0,7,5,20,0,1,2,2,36
1669,0,7,1,1,4,4,1,12,9,59
1670,1,13,2,5,1,3,6,1,9,3
1671,4,15,0,3,1,25,29,0,0,0
1672,2,0,14,1,7,2,1,8,1,3
1673,4,16,1,3,3,2,1,18,20,2
1674,4,48,8,17,0,0,0,0,0,0
1675,0,0,0,4,4,1,7,0,3,5
1676,4,2,0,27,7,2,4,42,0,0
1677,5,1,13,1,8,0,1,0,1,10
1678,6,17,7,0,16,6,31,0,0,0
1679,1,7,10,8,16,2,1,63,0,0
1680,32,4,9,1,2,2,30,0,0,0
1681,8,1,14,0,6,15,5,12,3,26
1682,47,8,0,0,1,24,0,0,0,0
1683,0,1,17,16,16,1,1,38,0,0
1684,6,25,4,1,23,2,4,5,1,0
1685,0,21,0,2,2,13,1,3,2,6
1686,1,41,2,5,16,1,1,23,0,0
1687,6,3,3,14,3,0,1,1,2,21
1688,19,4,2,16,2,0,25,12,0,0
1689,0,0,3,0,2,10,5,4,2,33
1690,3,1,11,2,0,0,3,2,11,3
1691,1,4,0,3,13,27,3,4,8,2
1692,14,2,16,2,1,1,10,0,4,29
1693,1,0,5,1,6,26,0,7,6,8
1694,1,1,1,1,12,2,0,31,7,5
1695,2,0,8,22,4,0,8,11,13,10
1696,7,1,1,4,0,1,0,2,12,1
1697,0,25,0,6,2,11,5,1,1,17
1698,15,17,6,1,2,0,21,12,0,0
1699,3,12,0,3,0,0,8,6,2,3
1700,0,1,0,0,8,4,13,1,4,0
1701,0,14,2,0,3,6,1,2,23,0
1702,2,0,0,5,22,2,14,3,0,4
1703,1,19,5,4,2,9,16,0,2,1
1704,2,1,1,5,5,0,10,11,0,2
1705,1,1,2,2,10,0,3,1,10,9
1706,8,0,0,0,16,3,0,14,2,12
1707,16,1,12,17,5,4,1,12,3,0
1708,0,6,1,19,10,4,14,6,41,0
1709,0,22,20,0,0,11,5,28,0,0
1710,4,0,24,7,0,0,3,0,73,0
1711,3,1,6,4,3,2,7,0,1,0
1712,20,13,1,4,1,26,0,3,5,0
1713,1,1,8,0,5,13,10,0,13,0
1714,0,0,2,4,1,8,1,40,10,57
1715,3,18,1,0,3,0,2,8,4,5
1716,2,1,1,2,27,1,2,10,3,11
1717,1,34,6,19,3,9,0,0,0,0
1718,2,3,0,8,9,0,3,21,5,0
1719,22,23,0,0,4,49,0,0,0,0
1720,13,8,26,0,1,1,9,6,0,3
1721,32,9,28,10,0,0,0,0,0,0
1722,10,8,3,0,1,5,1,0,38,19
1723,0,27,2,11,24,1,31,0,0,0
1724,10,10,8,3,1,1,26,49,0,0
1725,33,1,4,18,9,12,0,0,0,0
1726,2,0,5,0,1,0,33,0,10,20
1727,9,8,0,1,5,7,2,2,1,1
1728,2,20,1,6,18,4,4,1,0,7
1729,20,1,7,9,6,3,5,12,4,11
1730,2,2,0,0,0,4,4,2,4,34
1731,0,1,1,13,0,6,1,0,13,0
1732,0,2,0,3,0,0,12,29,0,0
1733,7,15,0,1,0,1,21,1,9,1
1734,12,13,15,1,0,8,1,6,10,1
1735,0,2,1,8,50,9,1,0,0,0
1736,0,18,0,14,19,1,4,14,78,0
1737,57,4,9,1,0,0,0,0,0,0
1738,9,0,0,6,0,37,1,10,0,20
1739,5,13,18,0,1,3,24,16,0,0
1740,1,1,6,14,1,10,9,4,35,0
1741,0,2,8,0,0,3,0,0,5,0
1742,6,1,9,17,1,1,0,4,4,0
1743,28,15,1,1,10,6,29,0,0,0
1744,4,0,2,2,0,1,49,0,2,14
1745,1,1,14,1,10,6,18,4,16,0
1746,5,15,1,1,16,1,75,0,0,0
1747,2,4,11,21,0,4,2,0,5,3
1748,4,2,0,9,6,5,6,11,22,8
1749,3,3,5,15,1,4,2,21,8,13
1750,11,6,2,0,20,9,2,8,20,0
1751,0,1,1,1,2,5,0,3,10,22
1752,5,7,0,2,0,0,5,9,17,0
1753,0,4,5,0,10,31,7,0,5,3
1754,1,7,12,20,0,0,10,2,1,1
1755,0,14,3,0,2,12,1,22,1,5
1756,17,1,29,1,12,1,4,3,0,22
1757,6,7,10,16,14,13,29,0,0,0
1758,10,14,10,0,0,10,0,5,1,3
1759,2,0,6,0,1,5,37,6,1,14
1760,0,2,20,4,0,5,2,6,0,1
1761,6,1,1,2,5,15,14,41,0,0
1762,0,1,20,0,1,0,30,0,2,5
1763,4,0,19,14,22,7,0,18,0,0
1764,1,1,0,7,1,3,0,18,62,0
1765,13,0,1,0,9,3,10,38,0,0
1766,4,12,6,0,1,1,98,0,0,0
1767,1,0,16,0,2,2,1,0,10,74
1768,10,0,16,1,3,15,54,0,0,0
1769,26,3,0,0,1,2,2,6,17,1
1770,0,2,4,4,2,24,0,3,6,1
1771,10,58,24,0,0,0,0,0,0,0
1772,2,7,0,0,11,1,40,7,5,0
1773,9,10,7,4,11,5,9,1,3,3
1774,2,2,0,0,10,4,4,4,8,31
1775,1,1,2,0,6,9,0,2,4,16
1776,2,3,0,12,23,3,7,0,1,16
1777,8,1,6,2,7,5,19,1,3,12
1778,1,1,8,13,1,1,5,0,0,129
1779,0,0,4,5,0,9,5,1,98,0
1780,3,1,4,8,0,3,18,3,19,30
1781,0,2,1,6,8,0,5,9,0,5
1782,2,33,23,0,27,0,0,0,0,0
1783,5,0,0,9,0,2,6,7,33,1
1784,6,3,4,3,3,3,55,0,0,0
1785,5,7,63,0,0,0,0,0,0,0
1786,1,3,2,22,0,1,49,0,0,0
1787,1,1,10,21,10,6,3,1,21,0
1788,3,0,18,2,2,9,21,2,12,1
1789,2,0,1,3,0,1,5,12,0,6
1790,24,5,28,5,0,0,2,8,0,0
1791,18,10,1,2,1,22,19,0,0,0
1792,0,8,21,2,3,5,0,2,1,0
1793,19,17,0,17,1,0,22,0,0,0
1794,14,2,0,2,25,11,26,0,0,0
1795,0,0,1,0,0,5,1,28,2,3
1796,5,1,0,25,8,29,0,3,0,0
1797,1,25,46,0,0,0,0,0,0,0
1798,0,8,9,8,24,2,53,0,0,0
1799,18,74,0,0,0,0,0,0,0,0
1800,2,13,0,0,0,0,1,4,0,7
1801,11,13,8,2,2,0,4,0,9,4
1802,0,4,1,4,8,8,7,1,3,0
1803,1,1,1,1,0,12,2,4,10,2
1804,8,7,18,6,1,0,22,15,0,0
1805,10,14,2,8,11,3,26,0,0,0
1806,7,8,0,3,7,26,6,1,11,41
1807,24,3,0,4,2,0,8,2,0,0
1808,25,1,0,0,2,0,1,9,2,0
1809,0,0,0,3,8,7,0,23,1,12
1810,2,2,7,5,0,43,1,7,7,0
1811,5,2,0,2,1,16,6,3,1,8
1812,2,3,6,7,7,0,0,42,1,0
1813,0,12,1,18,2,8,1,43,0,0
1814,32,2,0,0,5,8,21,4,0,0
1815,1,0,13,2,4,0,6,0,48,0
1816,14,4,29,10,4,2,15,0,0,0
1817,3,0,0,19,0,4,7,3,2,12
1818,0,0,4,1,0,15,0,0,1,16
1819,5,1,4,4,1,3,8,4,1,1
1820,2,2,2,6,16,0,0,1,1,14
1821,0,0,14,3,6,3,1,1,3,55
1822,19,2,2,19,9,6,1,10,22,0
1823,3,5,1,1,2,19,1,1,17,3
1824,1,1,1,8,2,12,10,8,2,10
1825,0,5,11,3,6,24,8,0,31,0
1826,1,1,1,4,4,6,0,2,3,0
1827,2,8,2,2,24,0,17,6,35,0
1828,13,0,1,11,26,0,2,8,1,6
1829,10,2,1,4,1,3,1,22,7,3
1830,8,0,8,1,1,1,9,3,4,9
1831,8,5,2,0,1,12,11,0,45,0
1832,1,1,15,0,1,1,0,0,40,7
1833,13,1,1,2,0,19,0,2,0,3
1834,1,12,19,1,4,5,20,6,8,0
1835,1,2,6,1,2,20,6,0,0,5
1836,2,0,17,3,0,1,28,2,5,3
1837,15,0,0,3,1,1,4,2,2,0
1838,1,36,2,1,14,20,0,0,0,0
1839,0,1,8,25,0,0,12,42,0,0
1840,1,2,4,7,0,9,1,3,5,6
1841,7,2,2,0,11,11,1,4,0,8
1842,2,1,23,1,12,22,2,60,0,0
1843,1,4,1,6,0,12,2,12,4,1
1844,3,0,1,5,7,2,5,10,26,4
1845,3,1,6,0,21,0,3,3,1,29
1846,11,2,11,0,13,6,25,1,13,0
1847,6,25,4,10,2,1,3,0,4,66
1848,3,31,0,8,4,2,1,1,0,11
1849,8,3,5,0,1,1,0,29,22,30
1850,0,1,0,11,5,0,13,0,2,0
1851,18,3,5,21,0,27,0,0,0,0
1852,2,0,0,2,0,1,0,27,13,1
1853,0,13,14,4,0,0,1,0,1,6
1854,13,2,3,9,1,31,3,2,1,7
1855,0,22,0,5,31,2,22,0,0,0
1856,1,0,5,0,0,2,16,3,0,61
1857,10,6,2,3,1,1,7,0,10,4
1858,1,0,8,1,0,4,11,49,0,0
1859,1,7,5,22,26,1,7,3,0,0
1860,3,1,1,0,0,22,3,4,25,8
1861,9,38,2,34,0,0,0,0,0,0
1862,2,0,11,13,0,14,1,7,34,0
1863,3,0,1,0,0,0,13,0,1,28
1864,15,2,19,2,4,9,2,2,3,4
1865,30,0,12,14,21,0,0,0,0,0
1866,2,2,1,0,0,15,20,8,5,17
1867,0,2,0,3,4,3,1,1,11,37
1868,8,10,1,8,0,25,3,13,5,0
1869,1,0,1,2,7,30,0,12,35,0
1870,4,2,41,0,1,33,0,0,0,0
1871,1,3,0,28,0,4,34,0,21,0
1872,6,2,7,9,1,47,0,0,0,0
1873,13,8,1,36,1,13,0,0,0,0
1874,1,6,1,2,27,1,8,3,4,1
1875,2,10,7,1,1,3,1,6,20,9
1876,10,16,2,9,0,10,24,0,0,0
1877,0,6,0,0,4,3,12,15,13,10
1878,0,0,28,13,1,18,7,46,0,0
1879,2,1,6,13,3,8,4,3,2,6
1880,1,2,3,1,3,13,3,19,11,0
1881,8,7,16,2,4,1,4,0,27,0
1882,0,1,1,3,1,6,27,17,10,2
1883,2,1,11,7,0,9,10,2,20,25
1884,51,0,11,0,1,6,6,0,0,0
1885,10,4,10,0,0,0,0,20,11,2
1886,4,2,22,5,1,1,10,1,18,21
1887,0,0,10,18,0,4,5,3,1,31
1888,0,5,6,6,18,9,1,40,0,0
1889,4,33,4,0,0,8,50,0,0,0
1890,7,4,4,15,5,5,13,22,0,0
1891,13,2,2,0,0,10,1,1,10,2
1892,3,3,1,15,22,11,25,0,0,0
1893,80,0,0,0,0,0,0,0,0,0
1894,2,4,1,0,4,0,0,0,0,1
1895,0,9,0,1,1,7,3,1,21,1
1896,5,2,8,2,0,0,0,2,9,4
1897,2,5,8,11,2,4,10,73,0,0
1898,33,16,36,0,0,0,0,0,0,0
1899,9,0,6,1,1,5,3,2,4,1
1900,0,7,2,1,6,9,7,1,1,1
1901,0,0,15,6,5,62,0,0,0,0
1902,1,13,2,0,0,11,3,0,1,0
1903,19,0,0,1,10,1,0,1,14,1
1904,12,1,24,16,1,0,5,2,2,41
1905,1,36,0,4,3,22,0,1,11,0
1906,0,5,13,6,1,5,3,2,13,4
1907,7,1,9,1,12,12,23,12,0,0
1908,5,3,10,6,4,2,3,0,15,3
1909,7,6,0,0,0,4,21,2,8,16
1910,1,16,3,2,3,8,7,6,1,0
1911,1,1,1,0,1,23,3,83,0,0
1912,0,4,2,1,22,6,1,8,4,19
1913,1,19,4,3,39,3,49,0,0,0
1914,3,11,7,0,0,13,16,1,1,18
1915,6,1,35,0,13,22,0,0,0,0
1916,0,11,26,1,2,0,39,0,0,0
1917,0,0,0,1,6,2,0,16,34,1
1918,4,7,1,0,28,20,8,0,0,79
1919,7,5,4,4,9,3,2,1,0,33
1920,11,2,10,0,3,3,7,30,7,0
1921,2,3,0,2,1,0,27,5,4,34
1922,15,8,5,15,4,11,0,5,18,0
1923,10,0,0,1,1,1,4,3,0,16
1924,9,0,2,3,9,0,16,1,6,43
1925,11,20,2,19,3,0,9,17,0,0
1926,1,4,11,1,28,4,0,11,3,0
1927,4,3,18,0,5,0,8,22,37,0
1928,13,0,0,4,2,2,3,0,6,9
1929,24,3,0,7,37,0,0,0,0,0
1930,0,61,5,1,3,1,0,0,0,0
1931,1,0,7,4,10,28,0,1,19,1
1932,1,0,4,24,8,1,10,1,6,11
1933,10,12,0,5,1,10,0,26,0,23
1934,1,15,2,14,0,19,50,0,0,0
1935,6,1,1,4,3,5,0,5,12,4
1936,2,8,10,5,7,7,0,4,16,1
1937,0,3,3,1,1,0,0,3,5,8
1938,0,2,11,0,2,2,16,9,0,2
1939,22,9,10,6,41,0,0,0,0,0
1940,1,9,6,5,11,2,3,0,16,8
1941,2,28,9,9,1,2,7,1,80,0
1942,9,2,1,11,103,0,0,0,0,0
1943,10,17,0,1,16,19,2,4,6,0
1944,5,0,24,22,1,3,5,2,3,1
1945,1,4,0,3,21,1,5,3,0,4
1946,1,0,0,3,1,11,19,0,26,14
1947,5,3,18,0,2,3,1,4,18,9
1948,3,1,3,1,10,17,6,9,7,1
1949,0,1,19,0,1,1,3,7,17,8
1950,13,5,0,37,2,2,0,22,0,0
1951,1,0,1,21,0,0,0,32,1,87
1952,11,2,2,0,11,0,8,4,2,8
1953,0,0,0,0,0,0,28,0,7,1
1954,12,19,1,1,3,2,2,0,0,4
1955,3,13,34,1,1,1,10,0,5,43
1956,0,1,11,0,33,57,0,0,0,0
1957,0,49,0,26,0,0,0,0,0,0
1958,11,3,8,0,8,23,1,7,3,0
1959,7,0,0,0,19,3,1,0,4,12
1960,18,2,6,3,13,5,54,0,0,0
1961,3,75,0,0,0,0,0,0,0,0
1962,14,1,9,15,2,0,12,7,37,0
1963,0,2,0,5,19,4,6,3,42,0
1964,1,5,2,12,3,0,1,1,0,0
1965,5,1,0,6,0,2,6,5,12,11
1966,4,22,6,35,1,18,0,0,0,0
1967,9,2,2,0,7,9,0,1,12,5
1968,11,14,12,5,0,1,0,14,1,46
1969,1,0,1,26,0,0,2,15,2,3
1970,1,4,3,17,4,17,8,7,17,0
1971,0,0,19,14,4,3,5,17,13,0
1972,1,4,0,6,1,3,1,22,18,14
1973,5,3,1,9,11,1,1,24,0,59
1974,1,1,8,14,7,0,7,1,2,0
1975,2,2,1,17,17,2,3,1,28,0
1976,0,3,21,4,5,1,5,0,11,1
1977,7,0,2,3,1,7,5,10,29,34
1978,28,5,2,0,1,26,12,0,0,0
1979,27,8,0,1,11,6,73,0,0,0
1980,0,0,2,1,0,1,1,3,0,15
1981,4,9,4,34,17,2,6,0,0,0
1982,18,1,0,0,0,1,1,7,12,49
1983,20,3,10,1,44,0,0,0,0,0
1984,11,12,2,0,5,24,1,2,19,0
1985,3,17,7,9,0,19,10,0,2,10
1986,9,1,6,9,1,3,0,0,0,0
1987,1,0,18,0,1,0,3,0,0,6
1988,0,2,5,0,0,4,33,17,1,0
1989,1,1,31,1,2,10,5,0,13,36
1990,0,8,8,7,9,3,0,0,1,0
1991,3,115,0,0,0,0,0,0,0,0
1992,0,2,8,0,8,9,1,14,14,1
1993,0,7,0,1,3,1,2,8,9,1
1994,9,1,18,9,32,14,0,0,0,0
1995,19,1,0,0,2,26,17,5,12,0
1996,3,10,6,10,16,0,0,12,5,14
1997,22,6,15,23,21,0,0,0,0,0
1998,13,36,1,1,5,1,12,4,0,0
1999,8,4,0,7,0,36,1,12,10,0
2000,0,5,1,69,0,0,0,0,0,0
2001,2,3,13,3,25,5,11,0,6,15
2002,24,39,0,0,4,1,1,0,11,0
2003,0,4,6,6,1,1,1,6,6,18
2004,3,6,4,11,1,12,0,12,5,10
2005,0,0,1,1,2,8,9,2,16,19
2006,4,17,13,26,1,12,0,0,0,0
2007,2,0,5,4,1,7,4,4,2,0
2008,3,3,28,8,4,1,22,6,0,0
2009,1,5,3,1,0,0,0,63,0,0
2010,1,0,14,2,4,20,3,1,9,1
2011,2,13,1,23,5,5,2,27,0,0
2012,14,0,22,28,23,0,0,0,0,0
2013,2,0,0,2,3,1,18,1,6,0
2014,55,0,0,5,5,12,0,0,0,0
2015,3,5,19,8,0,2,2,12,0,7
2016,2,9,5,3,1,12,32,0,11,0
2017,16,12,1,3,2,1,26,2,23,0
2018,5,1,2,19,0,6,10,4,8,48
2019,43,19,1,30,0,0,0,0,0,0
2020,0,8,0,5,13,2,1,37,11,0
2021,16,5,3,1,2,3,10,1,0,20
2022,1,2,12,18,2,8,9,19,0,0
2023,0,1,1,14,3,10,1,9,10,0
2024,1,1,2,7,4,1,0,7,7,2
2025,30,0,2,21,6,7,2,37,0,0
2026,2,4,8,11,2,3,7,8,2,37
2027,4,0,0,4,2,3,3,3,8,1
2028,1,3,32,7,14,3,15,0,0,0
2029,1,56,3,3,2,1,19,0,0,0
2030,5,4,0,6,7,5,1,23,19,3
2031,7,3,3,1,24,5,1,0,2,17
2032,1,6,2,4,0,21,0,1,48,0
2033,9,17,3,9,6,3,12,9,10,0
2034,0,2,0,3,1,3,3,6,0,5
2035,3,3,2,5,8,21,5,0,4,103
2036,0,14,1,7,5,0,2,0,35,14
2037,9,32,6,3,3,6,0,0,0,10
2038,2,3,1,31,18,2,26,0,0,0
2039,16,6,0,2,7,0,32,1,4,17
2040,4,5,2,1,12,7,4,72,0,0
2041,12,33,8,1,1,1,7,52,0,0
2042,0,3,0,5,27,10,2,9,35,0
2043,3,0,3,0,3,4,0,14,17,0
2044,25,15,1,0,40,0,0,0,0,0
2045,0,10,0,1,0,0,0,3,1,14
2046,2,39,2,0,3,3,3,0,23,0
2047,11,1,0,19,8,29,24,0,0,0
2048,15,0,0,34,4,0,26,0,0,0
2049,15,30,1,2,0,8,6,7,0,3
2050,3,8,3,8,7,0,0,2,4,3
2051,17,2,1,0,0,8,11,1,6,0
2052,1,0,20,0,0,11,8,0,1,4
2053,6,5,10,24,1,11,3,3,11,0
2054,6,1,0,1,20,0,8,4,2,18
2055,13,3,0,3,1,9,24,0,1,14
2056,0,1,18,8,1,11,4,7,2,1
2057,40,0,1,0,1,1,9,10,4,1
2058,5,9,1,4,1,0,1,94,0,0
2059,3,2,0,3,23,3,35,17,0,0
2060,3,8,1,11,27,2,31,0,0,0
2061,5,10,1,1,28,2,1,2,2,48
2062,22,5,1,21,19,3,0,0,0,0
2063,1,4,50,3,0,1,10,12,0,0
2064,0,17,14,3,8,1,0,14,3,9
2065,7,19,4,46,0,0,0,0,0,0
2066,1,4,0,1,2,1,1,5,9,2
2067,1,3,11,5,0,29,13,24,0,0
2068,3,7,4,10,9,1,30,4,1,6
2069,6,0,8,0,0,1,0,22,10,9
2070,25,17,10,2,0,2,8,13,0,0
2071,0,0,0,0,5,1,0,0,0,43
2072,1,0,3,6,5,1,10,1,0,34
2073,12,8,1,2,1,0,0,0,3,32
2074,1,1,7,5,6,2,0,0,6,20
2075,15,4,1,3,2,0,1,4,2,107
2076,38,6,1,7,1,3,13,17,0,0
2077,4,5,21,0,3,5,48,0,0,0
2078,2,13,1,2,1,47,1,26,0,0
2079,1,5,30,1,30,3,3,0,0,0
2080,0,4,4,0,0,3,7,7,0,2
2081,0,0,1,0,2,14,2,1,0,5
2082,9,1,2,1,10,28,6,5,8,2
2083,1,3,1,5,1,6,3,34,16,22
2084,1,2,11,0,42,11,1,7,0,0
2085,6,0,0,4,0,15,10,11,10,55
2086,5,11,6,7,3,3,6,0,1,0
2087,1,9,5,7,21,10,9,12,0,0
2088,0,3,23,3,10,1,3,0,1,15
2089,0,0,3,0,17,2,9,1,12,0
2090,16,32,5,0,3,4,0,1,14,0
2091,44,3,0,0,25,0,0,0,0,0
2092,0,9,6,0,30,18,13,0,0,0
2093,1,25,0,0,13,7,4,14,6,15
2094,3,0,1,0,4,33,0,0,26,1
2095,0,11,1,17,1,0,38,2,3,0
2096,0,0,6,4,2,5,4,32,12,0
2097,13,3,11,0,0,4,2,1,2,1
2098,2,0,0,2,1,0,6,10,29,4
2099,3,29,24,2,1,7,0,2,2,5
2100,1,1,1,0,17,13,2,4,0,1
2101,5,0,42,4,3,7,18,0,0,0
2102,19,0,3,4,0,43,2,0,0,0
2103,12,4,23,1,0,10,1,23,0,0
2104,1,13,9,1,6,1,24,55,0,0
2105,17,6,7,0,2,0,8,5,4,10
2106,1,10,0,12,0,1,1,2,2,4
2107,0,0,1,3,14,12,21,31,0,0
2108,8,0,2,5,2,13,7,8,5,4
2109,6,2,4,17,4,7,0,21,1,47
2110,3,0,1,23,32,1,44,0,0,0
2111,3,1,0,8,0,2,23,1,27,16
2112,48,2,12,6,5,0,0,0,0,0
2113,8,5,0,40,1,6,4,0,0,12
2114,22,9,5,2,5,0,6,49,0,0
2115,6,5,20,1,3,2,19,2,8,17
2116,1,8,16,5,1,1,42,0,0,0
2117,9,0,6,18,0,14,10,1,1,8
2118,0,1,5,9,4,21,2,40,0,0
2119,7,0,39,0,22,25,0,0,0,0
2120,3,49,9,5,0,6,0,0,0,0
2121,14,0,14,8,1,10,6,2,0,1
2122,4,14,56,0,0,0,0,0,0,0
2123,0,37,11,2,0,3,3,0,40,0
2124,6,2,2,7,2,1,11,5,2,46
2125,9,5,4,0,0,3,3,5,46,0
2126,2,18,0,32,1,0,18,0,0,0
2127,3,1,3,0,1,6,1,0,1,7
2128,2,2,0,16,1,67,0,0,0,0
2129,1,0,1,3,9,0,12,1,25,4
2130,1,1,1,6,2,0,10,22,6,46
2131,6,4,0,0,2,13,1,2,7,14
2132,2,9,1,3,0,4,10,5,5,24
2133,1,8,0,4,3,1,0,3,2,0
2134,0,7,8,7,1,1,0,0,0,25
2135,10,2,0,10,17,8,1,13,7,2
2136,1,5,3,9,27,0,5,1,0,22
2137,1,2,0,0,10,1,0,0,7,22
2138,23,3,20,1,12,4,2,11,0,0
2139,2,6,13,7,0,2,1,4,0,48
2140,14,0,13,34,0,4,1,1,28,0
2141,0,1,5,2,0,4,8,19,3,33
2142,0,6,13,0,16,1,1,9,38,0
2143,42,1,6,0,1,8,12,16,0,0
2144,0,6,1,1,33,1,6,7,23,0
2145,5,10,5,2,7,1,1,23,59,0
2146,0,7,1,2,26,22,14,0,0,0
2147,4,12,0,3,32,6,3,4,23,0
2148,0,14,32,0,1,0,0,0,31,0
2149,3,0,0,1,7,3,0,8,6,22
2150,14,8,6,3,10,7,1,6,4,0
2151,22,8,4,9,17,12,0,0,0,0
2152,7,8,18,1,17,6,1,72,0,0
2153,2,1,1,0,4,4,6,11,11,1
2154,6,9,35,19,4,0,0,0,0,0
2155,3,1,0,0,9,9,4,16,4,7
2156,0,7,0,1,3,11,4,1,1,0
2157,5,4,1,2,21,12,5,2,6,54
2158,3,20,7,5,17,1,2,27,0,0
2159,7,1,0,22,1,1,1,8,18,4
2160,21,4,8,0,22,0,5,0,13,0
2161,1,32,3,0,9,1,4,6,9,1
2162,0,0,5,2,2,10,12,3,0,8
2163,5,0,1,7,0,3,26,3,38,0
2164,0,37,1,3,6,0,1,13,0,0
2165,1,7,4,2,18,0,7,5,18,10
2166,3,3,6,2,2,41,1,0,51,0
2167,6,12,3,24,1,3,32,0,0,0
2168,2,0,7,0,3,1,2,0,3,3
2169,14,1,3,12,21,0,1,1,3,17
2170,7,0,1,0,2,6,13,6,6,2
2171,2,35,0,3,11,0,20,0,0,0
2172,1,11,0,7,3,5,0,20,1,0
2173,3,4,2,2,5,12,30,0,17,0
2174,3,24,5,1,1,1,3,0,0,0
2175,11,1,1,8,8,3,3,2,1,3
2176,4,3,2,11,20,1,5,2,21,3
2177,3,4,3,1,2,3,5,4,0,4
2178,39,5,1,4,35,0,0,0,0,0
2179,0,0,28,8,10,1,1,13,2,4
2180,7,4,0,0,12,16,3,22,1,5
2181,16,10,0,23,0,11,1,19,0,0
2182,43,0,3,4,4,55,0,0,0,0
2183,17,1,9,2,0,5,7,12,1,38
2184,7,11,0,21,32,0,0,0,0,0
2185,10,0,2,2,11,10,0,7,17,47
2186,5,0,1,3,21,17,5,2,17,0
2187,1,3,12,0,29,0,1,1,2,4
2188,7,29,1,2,8,4,2,2,3,0
2189,27,1,14,2,1,4,0,10,3,0
2190,2,2,23,7,9,11,5,10,4,0
2191,5,3,32,5,1,0,6,6,3,7
2192,1,5,5,11,47,26,0,0,0,0
2193,0,3,1,0,9,2,1,1,2,1
2194,0,0,1,14,1,0,3,11,25,14
2195,7,6,1,10,9,0,1,7,14,0
2196,2,21,0,0,1,1,3,1,6,2
2197,3,5,4,1,11,18,22,1,17,0
2198,1,15,14,1,0,1,2,30,16,0
2199,8,19,8,27,0,0,29,0,0,0
2200,1,0,1,3,2,1,4,1,6,1
2201,5,8,1,2,0,18,5,0,3,11
2202,53,17,4,0,0,0,0,0,0,0
2203,13,0,4,6,0,2,1,14,0,0
2204,0,13,4,2,12,15,0,5,1,4
2205,16,9,2,0,14,7,22,3,0,0
2206,13,1,10,1,0,60,0,0,0,0
2207,1,17,16,2,5,0,25,11,0,0
2208,1,9,5,37,8,4,4,18,0,0
2209,8,38,1,1,5,8,16,0,0,0
2210,17,0,8,1,0,0,17,37,0,0
2211,3,2,6,6,11,1,7,1,15,9
2212,0,1,22,0,0,3,2,37,14,0
2213,0,1,0,22,4,0,2,18,0,23
2214,1,11,8,1,14,1,3,38,0,0
2215,0,0,42,27,35,0,0,0,0,0
2216,13,3,4,12,2,0,2,18,20,0
2217,7,5,3,7,13,0,1,87,0,0
2218,1,10,0,0,24,2,60,0,0,0
2219,1,13,8,14,0,1,18,16,0,0
2220,4,1,1,2,17,12,7,11,3,4
2221,10,25,17,21,0,0,0,0,0,0
2222,1,0,0,4,19,1,1,1,0,0
2223,2,1,0,0,19,14,15,9,10,0
2224,9,1,0,5,3,16,10,0,3,0
2225,1,2,36,2,66,0,0,0,0,0
2226,2,2,1,0,8,0,4,3,1,10
2227,0,8,5,3,8,5,0,7,10,0
2228,27,12,13,7,4,4,1,0,0,2
2229,1,8,0,4,10,15,4,0,5,28
2230,3,1,1,0,10,3,36,17,0,0
2231,3,7,41,12,2,4,42,0,0,0
2232,2,1,11,24,4,16,2,0,11,0
2233,0,6,2,5,13,24,4,4,25,0
2234,5,9,1,0,0,1,0,1,66,0
2235,2,20,3,0,9,0,4,1,27,0
2236,3,9,5,5,1,22,1,0,3,22
2237,0,43,1,27,0,0,0,0,0,0
2238,6,0,0,1,3,8,0,2,0,4
2239,1,4,0,14,11,20,2,0,0,1
2240,3,10,1,26,9,32,0,0,0,0
2241,11,7,2,22,16,0,3,7,0,7
2242,14,0,13,1,20,13,0,3,10,0
2243,17,0,0,0,0,4,1,14,4,6
2244,11,1,3,1,8,1,20,8,1,14
2245,17,1,0,4,4,4,12,1,11,27
2246,4,1,3,5,24,6,12,1,0,1
2247,6,0,1,0,10,8,5,20,48,0
2248,0,1,6,2,1,1,1,3,2,2
2249,0,9,0,0,6,2,4,1,5,1
2250,0,0,9,3,11,28,4,1,14,2
2251,14,2,0,1,4,0,19,5,1,10
2252,5,23,14,0,1,9,1,0,6,0
2253,5,0,14,52,0,0,0,0,0,0
2254,1,11,8,3,0,6,2,1,49,0
2255,4,3,23,0,28,4,2,1,0,13
2256,3,1,26,2,19,15,1,8,0,0
2257,3,15,1,4,12,2,2,5,0,18
2258,2,5,15,0,6,5,22,1,56,0
2259,2,5,1,9,5,25,2,2,2,25
2260,2,32,2,0,1,3,3,12,11,60
2261,2,0,3,2,26,47,0,0,0,0
2262,3,22,22,8,7,3,14,0,0,0
2263,0,4,2,0,0,2,20,1,19,0
2264,0,1,2,1,0,23,39,1,6,0
2265,13,0,0,22,10,9,34,0,0,0
2266,4,7,20,8,3,4,3,2,12,7
2267,1,2,0,2,4,0,12,23,0,0
2268,0,5,6,2,0,1,3,13,17,39
2269,4,11,1,0,1,0,9,1,5,0
2270,0,14,0,0,11,10,15,3,1,19
2271,5,8,10,10,17,3,3,0,21,0
2272,1,1,0,0,2,4,12,22,5,25
2273,10,81,0,0,0,0,0,0,0,0
2274,18,0,6,1,33,0,0,1,0,15
2275,1,1,3,5,3,1,0,3,0,3
2276,16,24,1,5,10,19,0,0,0,0
2277,0,1,1,13,4,11,7,11,4,22
2278,2,1,2,17,1,8,2,3,37,0
2279,2,8,16,57,0,0,0,0,0,0
2280,0,1,4,3,2,1,0,0,0,1
2281,2,23,0,3,2,2,1,13,14,7
2282,1,7,4,4,0,27,14,3,13,0
2283,1,16,1,18,1,5,0,7,4,1
2284,15,1,8,2,5,24,1,44,0,0
2285,1,6,15,1,2,6,13,11,12,18
2286,18,1,0,8,3,43,0,0,0,0
2287,2,1,3,0,3,0,13,15,7,7
2288,1,2,7,2,23,38,0,0,0,0
2289,2,9,3,0,0,1,3,15,38,0
2290,1,14,0,4,12,3,24,2,4,0
2291,0,1,6,1,3,0,23,19,64,0
2292,0,4,2,0,10,1,1,18,1,8
2293,11,11,8,16,12,1,2,3,39,0
2294,2,1,20,6,22,1,0,7,2,1
2295,34,1,9,2,4,5,0,5,11,0
2296,4,0,9,41,27,0,0,0,0,0
2297,7,6,3,1,0,13,3,5,0,2
2298,2,4,13,0,0,19,0,19,1,24
2299,3,8,0,1,0,6,66,0,0,0
2300,5,0,0,3,8,5,0,18,3,7
2301,1,16,2,30,0,1,2,9,11,0
2302,12,9,2,6,11,22,11,0,0,0
2303,1,0,3,25,13,13,11,0,2,0
2304,1,6,2,1,1,3,0,0,33,1
2305,5,4,16,0,5,10,2,17,24,0
2306,0,8,5,0,1,37,9,0,1,1
2307,1,2,6,5,0,51,2,5,0,0
2308,18,21,2,17,0,0,1,13,0,0
2309,24,7,13,4,7,5,20,0,0,0
2310,22,1,31,7,0,4,1,1,28,0
2311,1,4,9,1,11,7,1,1,8,5
2312,2,7,2,1,36,1,21,7,0,0
2313,0,12,0,5,1,33,10,4,5,24
2314,4,4,2,1,0,3,4,8,32,0
2315,5,0,2,0,1,28,11,13,15,0
2316,29,0,1,1,4,11,3,4,1,3
2317,4,0,2,4,0,5,1,24,0,8
2318,1,3,3,1,8,0,1,4,6,1
2319,10,4,33,4,5,3,15,0,0,0
2320,29,2,6,20,6,5,3,0,0,0
2321,0,12,13,2,1,0,1,0,18,47
2322,9,5,0,2,0,5,16,1,10,11
2323,0,0,1,14,2,8,0,17,1,66
2324,0,0,25,1,4,0,0,3,27,25
2325,0,1,0,2,4,4,1,20,12,7
2326,27,0,14,10,4,4,6,15,0,0
2327,0,1,1,0,14,10,11,15,0,0
2328,19,1,6,4,10,17,3,3,1,4
2329,0,6,2,1,5,55,26,0,0,0
2330,22,0,1,15,10,4,4,0,4,6
2331,2,0,13,9,6,1,2,25,0,0
2332,6,4,0,4,3,21,5,9,2,0
2333,0,5,1,0,5,1,17,15,0,4
2334,1,7,6,30,7,2,0,65,0,0
2335,0,14,1,24,0,0,1,7,61,0
2336,0,1,0,15,16,4,1,23,0,52
2337,3,23,5,8,6,3,1,2,0,8
2338,2,0,1,1,1,19,14,1,1,63
2339,6,3,2,14,2,0,25,35,0,0
2340,0,0,24,2,14,2,0,1,2,42
2341,13,24,8,3,0,11,21,0,0,0
2342,1,23,11,1,9,4,2,11,2,4
2343,0,5,5,4,1,15,0,5,8,5
2344,0,29,13,0,3,5,4,2,9,18
2345,5,4,3,1,0,0,5,23,1,1
2346,1,22,30,23,0,0,0,0,0,0
2347,5,0,8,4,6,0,8,0,3,47
2348,0,2,1,5,11,0,1,4,2,1
2349,1,0,6,1,12,2,1,1,0,10
2350,4,2,4,8,0,5,4,11,3,14
2351,2,9,2,30,2,0,2,2,25,0
2352,3,3,6,3,11,5,1,8,9,1
2353,8,16,0,53,0,0,0,0,0,0
2354,0,1,5,0,8,1,1,67,0,0
2355,0,1,1,2,0,0,14,1,9,5
2356,2,0,15,16,1,8,23,11,0,0
2357,1,12,1,0,0,44,10,6,0,0
2358,1,4,0,2,14,7,45,0,0,0
2359,2,1,0,2,1,1,9,3,16,0
2360,2,4,1,54,0,12,0,0,0,0
2361,4,15,1,0,16,9,3,2,29,0
2362,0,1,10,10,0,4,10,11,2,2
2363,4,18,1,4,4,0,17,0,7,6
2364,4,0,1,0,3,2,3,1,11,78
2365,1,17,20,1,20,10,0,12,0,0
2366,1,10,3,11,2,1,3,0,0,7
2367,16,6,13,0,4,20,16,0,0,0
2368,6,1,8,10,3,13,16,0,16,0
2369,13,15,5,3,1,13,18,7,0,0
2370,26,30,0,2,3,4,11,0,0,0
2371,0,4,1,30,0,7,47,0,0,0
2372,3,1,9,6,2,11,9,36,0,0
2373,3,0,16,8,0,20,33,0,0,0
2374,6,1,0,11,19,2,16,22,0,0
2375,0,11,1,1,2,9,4,8,2,8
2376,1,0,2,0,23,4,6,0,20,5
2377,13,1,2,0,0,27,9,5,1,0
2378,0,24,11,2,1,0,0,8,13,0
2379,0,50,0,13,25,0,0,0,0,0
2380,2,0,4,1,0,24,1,30,3,1
2381,0,5,3,0,1,7,11,6,21,6
2382,0,1,1,3,10,0,13,0,2,18
2383,7,10,1,2,4,14,22,5,18,0
2384,3,16,1,60,0,0,0,0,0,0
2385,6,20,25,1,2,21,0,0,0,0
2386,3,0,16,0,2,0,2,2,1,0
2387,8,6,16,2,3,20,36,0,0,0
2388,0,0,0,0,25,1,51,0,0,0
2389,1,7,0,7,1,4,6,14,5,43
2390,7,2,15,0,0,31,16,0,0,0
2391,0,0,9,6,26,0,0,7,8,0
2392,4,0,10,1,6,20,9,20,2,0
2393,0,7,0,4,1,2,0,3,0,0
2394,2,1,18,8,17,18,1,5,5,0
2395,1,2,6,9,0,7,2,0,8,33
2396,77,0,0,0,0,0,0,0,0,0
2397,35,21,4,10,1,0,0,0,0,0
2398,2,2,2,4,1,27,3,20,1,36
2399,2,17,5,0,5,12,10,15,8,0
2400,5,7,6,7,5,4,18,2,1,29
2401,3,32,28,17,0,0,0,0,0,0
2402,4,3,2,1,8,7,1,2,0,0
2403,0,1,0,1,3,10,2,5,1,22
2404,0,20,18,8,0,7,1,3,8,11
2405,0,6,5,28,1,0,4,2,1,1
2406,6,0,1,15,0,3,2,29,0,10
2407,4,5,0,7,5,3,1,1,11,10
2408,20,1,1,1,3,2,0,15,9,9
2409,18,0,0,8,10,10,0,3,1,6
2410,98,0,0,0,0,0,0,0,0,0
2411,2,1,1,21,1,0,24,0,0,3
2412,21,9,2,0,1,17,6,0,18,0
2413,11,30,11,1,4,1,6,0,6,5
2414,0,2,0,2,5,7,8,8,5,1
2415,0,45,28,0,0,0,0,0,0,0
2416,27,8,0,11,1,3,5,1,0,184
2417,1,2,0,4,24,3,10,119,0,0
2418,8,0,2,0,0,10,0,1,6,11
2419,5,15,6,9,2,7,9,5,6,1
2420,29,1,21,12,1,1,1,1,0,12
2421,56,4,0,11,0,0,0,0,0,0
2422,7,34,5,19,1,15,0,0,0,0
2423,15,3,25,14,5,1,2,31,0,0
2424,3,1,14,13,26,13,1,0,0,0
2425,0,1,2,1,0,1,2,5,1,4
2426,0,4,1,4,0,5,1,9,19,93
2427,1,0,4,7,5,5,2,5,7,4
2428,4,4,0,24,2,0,12,0,38,0
2429,3,0,1,5,1,12,6,6,2,0
2430,1,4,6,0,4,0,4,1,23,49
2431,2,6,1,5,12,5,6,25,8,1
2432,3,1,4,1,0,4,4,2,29,31
2433,0,11,3,1,7,13,0,17,0,0
2434,6,0,2,30,14,7,0,0,36,0
2435,13,3,14,5,2,0,50,0,0,0
2436,3,18,5,8,1,0,4,0,13,1
2437,2,10,0,0,0,8,6,0,19,4
2438,0,1,1,3,18,12,5,0,0,21
2439,2,0,1,3,2,10,0,18,1,1
2440,17,3,12,2,14,9,1,4,2,15
2441,0,7,1,0,1,1,1,21,21,10
2442,4,1,3,19,1,4,18,2,45,0
2443,14,0,7,6,1,4,2,12,2,7
2444,2,7,1,16,24,5,2,3,0,9
2445,1,4,12,7,2,0,5,46,0,0
2446,19,5,0,0,28,0,0,0,1,0
2447,1,1,1,4,33,22,0,31,0,0
2448,3,0,0,12,0,0,5,8,3,7
2449,5,9,1,4,3,2,35,9,5,0
2450,1,5,5,10,4,4,3,0,6,7
2451,0,5,7,0,4,1,0,8,6,14
2452,1,1,9,9,27,31,0,0,0,0
2453,5,0,1,10,4,5,3,38,1,10
2454,3,1,11,0,33,13,2,2,0,1
2455,7,5,1,6,73,0,0,0,0,0
2456,17,1,8,0,10,0,2,2,16,14
2457,0,15,1,8,0,0,0,14,6,1
2458,3,15,13,6,1,1,1,48,0,0
2459,2,1,33,0,1,17,1,15,10,0
2460,2,5,47,6,1,17,0,0,0,0
2461,5,15,8,1,38,6,0,0,0,0
2462,6,26,32,0,1,0,0,7,0,0
2463,20,0,19,1,9,5,1,3,0,4
2464,1,2,0,13,12,25,1,0,0,42
2465,5,19,11,2,28,42,0,0,0,0
2466,12,7,2,21,0,75,0,0,0,0
2467,6,0,3,3,2,15,6,7,0,3
2468,0,2,5,3,0,50,3,1,32,0
2469,19,0,23,11,17,16,0,0,0,0
2470,35,7,11,0,12,0,8,0,0,0
2471,2,0,2,38,3,5,6,0,0,19
2472,5,6,15,10,0,8,5,1,1,5
2473,4,1,9,0,1,1,26,5,3,31
2474,29,4,0,2,1,31,8,0,0,0
2475,4,1,0,4,1,3,2,4,25,20
2476,1,14,16,0,12,2,69,0,0,0
2477,2,22,0,8,1,26,9,2,1,0
2478,0,2,17,24,1,21,0,1,24,0
2479,16,1,14,6,0,1,6,0,27,0
2480,2,1,6,2,9,1,14,0,31,11
2481,0,0,0,48,3,5,5,2,6,1
2482,1,4,1,1,6,0,2,1,4,24
2483,4,24,6,10,4,23,0,0,0,0
2484,0,4,7,5,7,1,0,1,32,52
2485,2,1,5,31,1,1,1,11,8,17
2486,4,4,34,24,2,0,1,50,0,0
2487,0,8,1,0,18,2,0,2,11,5
2488,0,12,1,3,18,22,0,1,0,10
2489,12,0,0,8,0,17,1,0,7,0
2490,2,6,6,4,11,38,0,2,4,0
2491,2,5,0,3,2,29,39,0,0,0
2492,19,2,7,5,3,1,9,20,7,0
2493,1,26,17,3,4,2,1,0,0,5
2494,8,9,8,1,7,20,2,13,10,0
2495,0,21,2,16,9,9,14,0,0,0
2496,16,1,2,0,19,0,4,16,17,0
2497,4,0,14,23,0,4,2,3,3,0
2498,7,0,3,7,6,19,4,11,19,0
2499,3,11,23,0,11,0,11,9,7,0
2500,0,3,1,2,2,11,10,2,0,18
2501,12,5,0,8,25,1,15,2,0,1
2502,8,0,1,1,5,6,6,0,5,4
2503,5,5,0,12,19,0,2,3,8,3
2504,17,6,6,1,4,3,10,3,7,13
2505,1,3,2,19,8,35,20,0,0,0
2506,0,5,23,1,1,24,17,0,0,0
2507,10,1,4,40,14,9,0,0,0,0
2508,4,0,3,0,2,6,8,0,2,34
2509,1,4,0,1,12,17,22,0,12,5
2510,0,4,3,0,8,0,9,2,3,25
2511,2,11,3,4,0,5,10,29,1,1
2512,1,0,19,17,0,6,1,8,20,0
2513,21,2,0,5,0,2,5,22,9,8
2514,0,3,5,0,4,4,13,5,0,4
2515,1,32,2,5,1,16,0,1,5,1
2516,1,5,4,60,25,0,0,0,0,0
2517,14,4,36,22,0,0,0,0,0,0
2518,21,4,25,17,12,0,0,0,0,0
2519,0,4,0,0,6,1,1,12,1,6
2520,10,3,2,0,5,2,0,0,16,0
2521,16,21,5,9,25,0,0,0,0,0
2522,0,0,17,6,0,0,22,5,8,2
2523,4,2,10,5,15,0,0,32,13,0
2524,6,2,7,0,24,3,3,11,1,0
2525,0,1,2,1,1,3,28,2,1,4
2526,2,1,28,5,7,16,6,22,0,0
2527,5,0,0,3,10,1,23,8,0,4
2528,1,9,1,39,0,1,7,8,35,0
2529,26,2,0,0,10,8,1,2,2,0
2530,13,0,1,3,0,2,20,0,0,22
2531,6,5,56,0,20,0,0,0,0,0
2532,10,5,3,0,0,6,5,5,88,0
2533,25,4,24,7,0,2,2,0,23,0
2534,14,3,6,7,1,8,6,3,17,4
2535,41,5,16,1,9,0,0,0,0,0
2536,7,4,4,16,12,7,0,4,3,12
2537,2,1,10,4,0,5,0,2,23,19
2538,1,1,5,13,3,15,3,0,19,20
2539,39,1,0,1,0,8,0,10,5,8
2540,3,9,0,11,0,26,16,3,18,0
2541,13,27,0,8,2,10,0,34,0,0
2542,1,13,0,1,15,22,1,0,3,9
2543,0,17,17,24,0,4,3,7,0,0
2544,0,4,0,0,1,9,1,3,9,8
2545,5,2,4,10,0,0,12,35,9,0
2546,8,9,12,1,7,0,4,14,5,18
2547,3,23,4,10,0,7,0,3,1,10
2548,4,3,6,0,4,1,3,3,0,3
2549,18,1,1,1,3,1,0,1,0,3
2550,3,0,7,2,13,9,0,10,1,20
2551,0,0,10,1,3,2,2,12,2,1
2552,8,24,16,5,35,0,0,0,0,0
2553,0,0,25,7,2,3,15,0,72,0
2554,28,2,13,13,1,4,5,3,3,0
2555,0,1,14,0,5,11,1,4,2,1
2556,1,0,0,1,3,9,1,9,2,25
2557,16,0,3,0,14,2,57,0,0,0
2558,2,1,2,8,0,4,6,8,3,7
2559,4,0,15,7,0,7,12,30,0,0
2560,4,3,4,10,20,3,4,14,1,17
2561,4,14,0,0,12,6,18,1,7,5
2562,3,4,27,16,29,0,0,0,0,0
2563,3,7,13,1,11,4,11,5,6,0
2564,5,0,0,15,1,8,1,0,2,22
2565,5,3,4,1,16,11,7,11,3,1
2566,2,3,0,3,9,17,0,1,6,28
2567,4,0,3,19,2,24,18,32,0,0
2568,1,55,23,0,0,0,0,0,0,0
2569,0,2,6,1,2,1,3,0,0,0
2570,3,7,7,1,22,7,10,0,0,19
2571,29,4,14,11,0,0,0,1,7,8
2572,1,7,5,1,2,1,19,9,6,0
2573,0,0,2,1,4,3,0,5,7,5
2574,6,3,0,1,2,11,0,2,0,1
2575,16,0,0,2,1,33,18,0,3,0
2576,6,15,0,1,3,1,17,2,15,0
2577,1,54,13,0,11,0,0,0,0,0
2578,1,12,5,2,13,11,21,0,3,61
2579,12,25,2,1,0,1,0,1,10,11
2580,0,6,0,0,0,11,0,0,0,1
2581,1,10,21,1,4,13,0,2,8,5
2582,1,4,55,0,6,10,0,0,0,0
2583,5,30,12,1,3,9,1,30,0,0
2584,3,22,51,0,0,0,0,0,0,0
2585,8,0,0,3,5,0,1,0,4,60
2586,2,0,0,4,1,7,6,16,15,3
2587,0,12,0,2,4,18,0,9,0,0
2588,0,7,1,26,0,17,0,19,3,0
2589,2,1,2,11,1,0,3,11,2,45
2590,26,0,5,2,7,3,7,0,21,0
2591,10,1,0,1,16,7,1,1,15,2
2592,9,0,0,0,7,27,4,13,18,0
2593,7,5,58,4,0,0,0,0,0,0
2594,0,12,6,1,6,2,0,19,2,59
2595,17,0,14,0,1,11,2,3,6,21
2596,0,1,1,12,5,26,14,0,8,40
2597,1,0,5,8,1,7,1,29,3,12
2598,25,1,1,12,4,15,34,0,0,0
2599,8,7,7,1,2,12,3,7,4,4
2600,6,0,17,4,6,22,5,8,38,0
2601,1,0,0,0,8,24,36,0,2,0
2602,0,2,27,11,1,1,0,5,0,0
2603,0,1,4,1,14,3,0,26,5,24
2604,0,33,2,6,0,18,1,48,0,0
2605,8,10,28,24,3,0,0,0,0,0
2606,5,8,3,0,1,4,11,9,4,0
2607,4,4,0,0,12,1,2,4,3,9
2608,14,31,1,52,0,0,0,0,0,0
2609,10,0,1,2,16,3,11,3,4,0
2610,0,2,0,0,12,3,0,0,11,9
2611,7,0,0,5,5,0,3,65,0,0
2612,0,8,1,2,0,0,9,0,1,7
2613,1,6,11,0,5,30,5,3,3,11
2614,0,0,14,27,15,57,0,0,0,0
2615,4,10,6,9,5,0,20,1,0,0
2616,6,0,10,0,0,3,0,12,24,15
2617,2,13,20,8,3,3,14,2,8,0
2618,29,11,46,0,0,0,0,0,0,0
2619,6,1,1,1,1,30,11,17,15,0
2620,0,1,1,25,16,2,23,2,6,0
2621,3,0,0,15,7,8,0,1,17,16
2622,11,10,13,2,0,0,4,1,2,1
2623,0,11,4,44,0,5,0,0,3,0
2624,4,0,0,8,35,9,4,6,28,0
2625,10,5,16,13,3,12,5,29,0,0
2626,9,0,1,1,0,0,0,2,10,2
2627,13,1,17,0,3,5,1,14,7,42
2628,1,2,0,11,0,7,7,7,1,3
2629,1,2,1,13,4,1,4,1,12,6
2630,7,4,13,0,17,3,9,3,33,0
2631,12,0,0,2,3,22,1,17,0,0
2632,16,2,2,4,0,17,21,1,27,0
2633,0,0,12,0,2,15,11,1,29,13
2634,0,52,27,0,0,0,0,0,0,0
2635,2,10,13,1,13,1,0,14,2,11
2636,0,0,3,26,29,0,5,0,13,0
2637,22,0,3,1,10,4,18,6,22,0
2638,23,3,2,0,14,7,0,18,12,0
2639,1,1,2,5,2,45,1,5,1,9
2640,0,4,1,12,8,10,0,0,0,0
2641,1,11,5,24,20,3,0,11,0,0
2642,0,1,8,5,19,1,2,2,2,2
2643,0,3,6,0,5,2,24,0,0,16
2644,8,39,11,15,0,0,0,0,0,0
2645,2,0,1,7,0,1,22,11,5,4
2646,0,1,21,1,68,0,0,0,0,0
2647,0,0,3,23,0,13,0,58,0,0
2648,1,2,11,4,2,8,3,22,4,3
2649,1,14,16,2,44,0,0,0,0,0
2650,3,0,0,26,32,9,1,0,0,0
2651,11,1,1,14,2,1,22,4,8,1
2652,6,0,4,1,6,1,0,1,1,10
2653,44,2,0,0,0,4,40,0,0,0
2654,1,7,4,6,1,7,7,1,0,5
2655,1,4,26,2,8,0,6,1,10,1
2656,3,29,1,14,0,1,1,1,8,79
2657,7,5,2,1,3,6,18,2,41,0
2658,6,59,6,0,0,0,0,0,0,0
2659,9,0,1,0,16,0,11,38,0,0
2660,4,2,21,11,0,16,1,27,0,0
2661,0,1,4,11,12,10,0,1,28,13
2662,2,4,8,8,0,0,0,5,19,6
2663,2,1,21,1,13,30,0,0,5,0
2664,1,4,16,16,3,31,0,0,0,0
2665,23,0,0,0,45,1,1,4,0,0
2666,1,4,3,6,3,5,5,6,1,0
2667,10,7,12,1,0,3,0,8,2,6
2668,5,10,22,2,3,31,0,0,0,0
2669,2,2,15,7,23,8,3,1,0,1
2670,5,0,11,22,21,20,0,0,0,0
2671,2,4,33,1,4,26,3,0,0,0
2672,3,3,4,7,1,4,0,1,0,12
2673,25,2,0,0,10,1,1,0,3,25
2674,9,0,22,22,1,1,6,48,0,0
2675,0,19,0,0,8,13,2,1,5,41
2676,0,2,12,2,0,5,13,1,1,33
2677,0,24,18,5,1,22,2,0,0,0
2678,0,0,12,54,1,6,0,0,0,0
2679,4,0,1,2,0,1,7,12,0,0
2680,5,11,33,0,7,2,7,1,5,0
2681,0,13,29,0,15,5,24,0,0,0
2682,1,0,3,30,6,0,9,0,91,0
2683,12,8,1,4,0,1,1,9,2,37
2684,4,4,5,0,27,0,6,28,0,0
2685,7,11,12,1,0,1,6,0,24,26
2686,4,5,2,5,1,36,18,0,0,0
2687,8,6,0,0,1,4,5,0,81,0
2688,27,13,6,9,0,14,1,36,0,0
2689,22,1,3,2,1,1,0,5,2,7
2690,1,0,3,0,29,19,3,7,1,11
2691,3,40,19,11,0,0,0,0,0,0
2692,0,3,0,0,8,0,18,0,11,1
2693,0,0,0,3,1,78,0,0,0,0
2694,1,0,0,1,29,7,8,19,0,15
2695,0,3,0,0,27,2,9,8,12,0
2696,29,2,5,7,3,10,32,0,0,0
2697,14,7,0,0,2,2,1,1,4,9
2698,0,13,2,25,0,1,10,16,0,1
2699,12,1,6,1,3,0,0,0,10,8
2700,1,6,1,0,0,3,6,2,11,1
2701,0,25,36,6,0,1,1,0,17,0
2702,8,2,1,4,0,16,0,29,1,2
2703,2,30,7,3,2,16,32,0,0,0
2704,0,18,7,12,0,22,2,1,32,0
2705,36,6,1,0,0,0,9,15,5,0
2706,7,1,7,3,19,9,1,1,11,19
2707,19,2,2,24,5,6,20,0,0,0
2708,2,0,0,6,3,0,12,5,18,15
2709,17,1,0,2,2,0,1,11,28,1
2710,11,4,22,4,36,0,0,0,0,0
2711,12,23,10,12,1,22,0,0,0,0
2712,1,16,2,2,6,14,2,6,6,77
2713,0,6,6,32,20,12,0,0,0,0
2714,1,4,0,1,1,39,17,0,1,0
2715,12,5,15,7,4,1,11,5,0,29
2716,14,4,0,3,1,11,0,16,4,3
2717,4,2,0,0,0,8,4,5,0,108
2718,2,1,0,8,3,1,24,0,1,1
2719,26,1,1,22,4,13,10,0,0,0
2720,4,1,4,0,2,1,6,1,5,4
2721,1,5,16,1,21,2,20,1,1,8
2722,0,1,0,2,8,1,22,3,6,18
2723,1,1,15,6,10,13,0,27,0,0
2724,4,1,0,9,2,10,16,6,4,64
2725,13,8,1,1,0,29,18,26,0,0
2726,0,1,4,3,4,2,10,25,4,57
2727,13,0,40,17,16,0,0,0,0,0
2728,5,16,33,5,19,0,0,0,0,0
2729,10,9,25,1,30,0,0,0,0,0
2730,20,5,0,16,8,0,10,3,3,1
2731,4,4,1,3,4,4,19,1,22,0
2732,0,1,1,0,3,3,48,2,2,3
2733,5,1,3,16,7,1,8,21,67,0
2734,33,18,3,0,3,8,16,0,0,0
2735,0,1,0,12,5,6,12,0,12,0
2736,13,0,9,0,9,4,11,61,0,0
2737,1,15,0,4,16,1,28,10,0,0
2738,1,8,1,0,0,8,2,3,0,15
2739,19,5,5,3,43,0,0,0,0,0
2740,23,1,3,2,7,13,1,1,1,13
2741,0,6,4,10,0,41,0,9,4,0
2742,1,2,8,4,26,0,5,2,0,2
2743,6,11,32,1,0,5,7,3,3,1
2744,9,4,0,29,23,0,0,10,0,0
2745,2,5,2,0,3,25,0,3,0,2
2746,30,3,30,31,0,0,0,0,0,0
2747,7,1,0,13,14,8,0,32,0,0
2748,5,22,1,7,0,3,16,18,0,0
2749,0,0,2,6,1,13,5,14,40,0
2750,2,2,0,10,4,3,4,26,12,0
2751,4,12,18,23,24,0,0,0,0,0
2752,21,3,12,12,1,10,0,4,46,0
2753,0,6,0,0,3,1,23,0,44,0
2754,0,1,16,5,3,9,13,4,6,7
2755,4,1,3,2,1,3,11,76,0,0
2756,7,2,0,4,1,2,6,10,1,0
2757,2,5,3,9,48,0,41,0,0,0
2758,1,27,4,1,0,15,8,5,24,0
2759,10,9,0,0,9,2,0,26,16,0
2760,1,1,0,3,2,14,8,54,0,0
2761,9,3,6,0,0,1,1,1,0,6
2762,8,2,0,6,12,1,11,19,17,0
2763,6,20,0,15,1,1,27,9,0,0
2764,8,34,5,12,20,0,0,0,0,0
2765,1,10,20,0,11,15,15,0,0,0
2766,0,1,6,17,32,3,0,4,1,16
2767,1,8,1,0,39,3,2,7,7,96
2768,11,12,1,0,23,0,2,22,0,0
2769,0,3,13,13,0,1,11,2,1,102
2770,2,3,0,6,1,2,12,3,10,1
2771,8,5,6,1,0,32,0,9,1,14
2772,0,10,48,1,0,3,2,7,0,0
2773,2,11,6,1,0,2,3,1,23,8
2774,5,1,0,1,1,20,0,0,14,1
2775,84,0,0,0,0,0,0,0,0,0
2776,6,6,10,1,3,0,6,0,15,1
2777,2,16,5,1,0,2,7,7,5,11
2778,0,0,11,8,28,11,16,0,0,0
2779,3,9,6,2,3,11,11,31,0,0
2780,3,11,9,0,4,1,0,0,1,0
2781,4,4,23,13,5,1,21,0,0,0
2782,13,2,2,8,6,0,17,1,3,11
2783,0,5,4,0,21,7,2,11,2,1
2784,1,13,0,2,2,10,3,0,1,99
2785,24,2,10,27,0,0,9,0,0,0
2786,0,6,31,1,2,2,1,18,0,2
2787,7,0,1,26,5,0,0,0,23,1
2788,18,1,1,21,35,0,0,0,0,0
2789,5,8,3,8,2,0,1,14,0,2
2790,1,1,0,2,10,12,5,3,11,4
2791,3,2,1,5,1,1,3,1,0,3
2792,0,0,11,14,7,15,1,7,6,5
2793,0,6,12,20,3,0,32,0,0,0
2794,0,0,31,9,12,9,20,0,0,0
2795,0,0,64,0,0,0,0,0,121,0
2796,4,3,4,2,16,5,15,1,4,3
2797,4,13,0,1,28,1,38,0,0,0
2798,11,2,11,3,2,0,3,30,16,0
2799,3,6,17,12,7,0,2,25,0,0
2800,0,2,9,0,18,8,9,1,12,3
2801,0,7,3,0,2,21,1,41,0,0
2802,31,4,1,3,0,6,11,1,6,0
2803,12,17,5,2,3,0,14,5,4,32
2804,6,0,12,1,4,0,0,1,2,19
2805,1,0,0,16,7,3,0,1,23,21
2806,14,14,2,1,2,1,9,1,20,12
2807,4,10,2,0,7,2,0,0,7,11
2808,0,16,7,0,0,3,36,0,19,0
2809,85,0,0,0,0,0,0,0,0,0
2810,27,13,20,1,2,38,0,0,0,0
2811,6,7,11,8,5,1,2,4,31,0
2812,1,2,19,17,3,2,26,8,0,0
2813,8,3,26,0,36,0,0,0,0,0
2814,4,2,2,1,1,0,15,1,1,1
2815,6,2,1,5,0,1,30,0,1,13
2816,20,3,0,0,0,5,3,0,0,3
2817,1,1,3,0,1,10,16,14,16,1
2818,4,4,3,7,1,8,0,1,2,37
2819,2,1,24,0,3,1,1,48,0,0
2820,0,8,11,2,0,2,6,9,11,7
2821,4,1,8,2,3,9,1,4,12,35
2822,0,3,0,7,0,6,7,17,46,0
2823,1,0,1,5,1,0,3,0,17,7
2824,5,4,3,4,0,10,29,8,1,11
2825,12,12,9,0,1,17,1,59,0,0
2826,1,32,46,0,0,0,0,0,0,0
2827,9,2,0,2,7,2,13,2,28,1
2828,7,9,0,6,10,1,0,0,10,58
2829,1,11,0,6,6,1,3,1,1,7
2830,4,0,1,1,1,0,6,0,39,20
2831,23,57,0,0,0,0,0,0,0,0
2832,1,3,7,37,0,0,1,6,8,4
2833,1,5,12,6,1,3,2,2,1,14
2834,1,0,3,29,1,9,9,0,12,4
2835,3,7,1,7,19,1,1,1,16,7
2836,0,6,6,8,0,8,1,12,7,80
2837,0,22,4,3,0,44,0,0,0,0
2838,12,9,3,10,6,0,1,10,10,15
2839,1,11,8,2,14,53,0,0,0,0
2840,0,0,0,1,1,4,5,0,7,23
2841,16,5,3,1,20,1,4,1,18,3
2842,34,2,15,0,0,1,1,1,0,20
2843,16,1,34,1,2,1,12,13,0,0
2844,2,28,0,0,6,13,1,1,25,0
2845,5,23,1,3,40,0,0,0,0,0
2846,3,0,3,27,8,3,5,25,0,0
2847,11,1,0,1,3,9,2,9,61,0
2848,3,4,3,15,3,2,1,3,5,2
2849,4,3,0,0,7,4,1,1,31,13
2850,5,1,39,12,14,0,0,0,0,0
2851,0,7,0,21,1,0,0,0,9,1
2852,1,1,5,2,5,0,5,0,1,34
2853,0,2,0,0,0,3,5,4,1,3
2854,4,8,0,1,10,0,18,7,0,1
2855,26,10,21,28,0,0,0,0,0,0
2856,0,5,1,17,18,2,2,21,21,0
2857,0,24,0,0,11,7,7,9,2,23
2858,2,2,1,0,3,0,16,2,4,2
2859,13,0,2,3,9,3,4,31,124,0
2860,25,12,3,2,0,1,0,2,1,7
2861,10,1,12,52,0,0,0,0,0,0
2862,3,15,3,2,41,43,0,0,0,0
2863,22,0,3,1,1,2,0,7,20,0
2864,21,0,12,0,1,0,12,0,21,1
2865,10,10,2,1,30,47,0,0,0,0
2866,5,2,66,0,0,0,0,0,0,0
2867,2,3,3,1,1,0,0,50,0,78
2868,0,1,4,0,1,1,12,7,18,27
2869,1,2,2,6,4,1,3,1,24,1
2870,0,3,5,1,31,47,0,0,0,0
2871,2,2,3,10,4,0,0,0,11,5
2872,0,4,11,4,13,1,13,8,5,5
2873,4,15,1,6,8,0,7,0,1,1
2874,2,3,5,19,4,3,1,28,7,0
2875,16,26,3,11,1,4,0,0,7,7
2876,0,22,0,9,24,0,8,3,2,0
2877,0,19,4,5,6,11,16,3,22,0
2878,3,0,0,6,0,72,0,0,0,0
2879,14,5,0,8,3,2,0,1,24,2
2880,0,6,0,10,2,5,0,19,8,10
2881,4,0,21,2,14,2,1,7,22,0
2882,1,6,2,1,9,0,19,36,0,0
2883,15,9,1,8,0,26,3,27,0,0
2884,10,2,1,1,10,10,1,15,16,0
2885,0,3,14,1,4,20,1,0,0,12
2886,15,4,0,3,13,5,2,23,7,0
2887,10,10,12,6,4,18,3,0,0,22
2888,4,1,0,4,6,0,0,6,1,12
2889,9,36,1,7,20,0,0,0,0,0
2890,5,22,2,7,14,5,0,46,0,0
2891,2,1,73,0,0,0,0,0,0,0
2892,0,26,4,6,5,0,5,0,7,2
2893,3,9,0,1,3,16,3,7,2,10
2894,18,6,0,12,23,0,1,3,3,1
2895,6,1,6,0,11,3,27,29,0,0
2896,0,2,7,0,27,0,0,14,1,4
2897,0,2,3,1,13,2,0,0,2,49
2898,7,41,3,2,3,2,18,0,0,0
2899,0,1,2,4,15,18,1,1,0,7
2900,5,0,7,0,0,0,21,0,2,1
2901,1,5,5,3,26,1,11,58,0,0
2902,1,0,0,1,9,7,1,8,24,1
2903,31,2,1,10,2,66,0,0,0,0
2904,3,5,9,1,5,0,1,3,28,32
2905,8,13,0,2,0,3,3,6,2,7
2906,12,3,1,3,11,0,26,21,0,0
2907,2,4,1,33,9,3,20,0,0,0
2908,4,0,1,1,33,13,6,3,8,0
2909,0,1,0,6,41,17,0,6,0,0
2910,10,6,1,14,5,0,22,10,0,2
2911,2,0,14,9,1,1,0,11,6,0
2912,0,8,8,4,3,2,2,2,1,4
2913,0,8,3,2,4,29,20,3,5,0
2914,8,0,4,0,0,28,2,5,55,0
2915,7,1,16,21,5,23,0,0,0,0
2916,1,17,4,0,10,31,19,0,0,0
2917,14,0,57,0,0,0,0,0,0,0
2918,16,3,1,3,19,3,5,8,2,1
2919,0,1,13,26,19,15,0,0,0,0
2920,3,5,37,7,0,10,0,1,22,0
2921,1,22,0,1,3,3,0,10,4,1
2922,0,5,9,2,7,1,8,6,79,0
2923,0,1,11,31,11,3,15,0,0,0
2924,18,0,1,8,3,2,1,1,32,1
2925,4,0,4,1,3,16,5,12,14,2
2926,2,13,2,1,11,8,1,4,8,1
2927,0,1,3,2,7,61,0,0,0,0
2928,20,1,1,1,1,0,19,2,2,40
2929,7,8,1,18,3,3,2,15,1,2
2930,3,20,0,1,4,16,10,19,0,0
2931,3,0,11,7,1,6,38,0,2,33
2932,0,1,0,0,2,5,10,30,4,19
2933,2,0,1,10,3,5,0,4,0,10
2934,50,5,1,2,8,0,1,1,2,38
2935,5,4,4,3,4,43,18,0,0,0
2936,10,26,1,20,0,11,30,0,0,0
2937,0,10,10,0,5,0,1,1,1,9
2938,5,19,0,5,5,3,28,0,3,1
2939,1,3,1,21,3,1,1,12,22,7
2940,15,1,12,5,19,5,3,8,3,0
2941,13,1,15,2,56,0,0,0,0,0
2942,0,7,23,0,5,0,33,1,12,0
2943,0,1,2,1,0,0,1,8,53,1
2944,8,0,25,6,1,0,12,0,30,0
2945,8,6,2,27,0,4,10,0,1,10
2946,1,0,3,0,4,5,2,0,1,42
2947,0,8,4,1,4,6,16,12,4,4
2948,0,4,0,1,8,2,6,1,10,0
2949,3,1,0,9,6,19,26,3,23,0
2950,9,17,2,3,0,0,9,0,14,0
2951,0,4,4,14,22,3,15,2,0,0
2952,29,29,0,2,2,1,9,0,0,0
2953,1,4,26,3,9,6,5,1,22,0
2954,4,5,5,1,4,47,8,0,0,0
2955,0,6,19,2,1,1,3,12,0,3
2956,1,2,24,1,2,1,6,2,1,10
2957,7,2,2,6,23,1,11,2,8,0
2958,2,20,0,10,17,1,0,4,21,0
2959,1,1,13,3,0,3,2,3,5,1
2960,0,3,8,10,2,52,0,0,0,0
2961,2,13,0,0,4,0,7,13,6,4
2962,2,2,2,11,3,1,28,2,1,23
2963,4,0,2,1,14,16,16,1,4,2
2964,24,9,1,1,3,2,1,22,1,5
2965,15,0,1,22,0,0,7,0,0,0
2966,3,0,10,20,12,5,9,0,0,5
2967,10,5,10,3,5,14,2,2,2,37
2968,3,11,1,21,6,9,3,12,5,0
2969,7,0,0,14,12,13,0,22,2,10
2970,0,10,30,0,0,5,2,21,0,13
2971,13,1,5,3,34,28,0,0,0,0
2972,1,5,9,4,9,1,1,29,0,1
2973,9,8,22,12,9,35,0,0,0,0
2974,40,1,1,21,3,8,0,0,0,0
2975,1,14,0,1,5,2,12,37,0,0
2976,3,3,17,3,12,1,3,1,1,25
2977,1,9,3,24,0,10,12,26,0,0
2978,10,6,2,4,57,0,0,0,0,0
2979,0,3,15,9,1,3,4,7,58,0
2980,0,1,0,1,16,38,0,6,52,0
2981,1,6,16,0,1,5,0,3,4,5
2982,19,1,19,9,1,13,3,22,0,0
2983,3,43,1,0,1,1,22,0,0,0
2984,2,3,2,5,9,1,2,2,2,10
2985,6,6,1,0,0,1,0,0,5,1
2986,1,1,0,0,0,0,0,102,0,0
2987,6,1,0,9,0,1,3,0,0,8
2988,10,0,4,0,19,0,5,0,107,0
2989,2,4,10,14,22,10,14,0,0,0
2990,0,3,0,3,9,19,18,6,4,20
2991,1,6,2,5,1,3,0,9,1,7
2992,1,10,18,4,0,15,14,2,6,0
2993,10,0,22,5,0,6,27,7,0,0
2994,3,4,16,5,2,10,17,12,1,6
2995,36,0,13,2,2,6,2,16,0,0
2996,0,37,12,0,0,10,1,7,4,0
2997,1,1,0,17,14,4,11,17,49,0
2998,0,1,0,0,4,12,25,65,0,0
2999,21,0,0,25,7,0,1,5,47,0
3000,44,8,1,3,8,0,18,0,0,0
3001,68,0,1,62,0,0,0,0,0,0
3002,1,0,4,9,2,0,2,11,2,7
3003,2,0,13,1,12,4,0,1,0,16
3004,1,1,0,0,7,12,23,2,0,17
3005,27,2,6,0,0,2,4,0,13,1
3006,7,2,2,1,4,1,70,0,0,0
3007,5,1,0,5,1,0,8,2,1,0
3008,3,1,3,1,6,14,24,19,0,0
3009,2,7,16,4,13,10,57,0,0,0
3010,6,0,1,0,16,2,1,26,11,2
3011,0,3,6,5,22,10,1,15,0,0
3012,1,0,2,0,5,0,1,1,18,1
3013,4,0,4,4,1,6,31,10,0,0
3014,0,4,6,4,21,1,1,8,0,8
3015,34,5,18,7,2,1,9,0,0,0
3016,7,7,1,6,8,0,1,0,0,9
3017,4,5,9,2,1,1,4,0,1,1
3018,3,0,1,2,7,2,34,4,1,24
3019,4,20,0,5,0,11,1,31,0,0
3020,6,1,0,0,0,13,10,16,0,5
3021,6,0,2,0,4,0,0,7,3,1
3022,7,24,2,25,7,0,15,0,0,0
3023,0,2,2,6,8,0,20,1,5,16
3024,2,15,1,3,0,11,0,0,3,57
3025,3,6,0,6,1,1,7,3,0,3
3026,4,1,7,1,0,0,1,8,9,0
3027,0,6,0,0,2,1,6,54,46,0
3028,1,0,23,0,9,3,8,0,27,0
3029,0,5,4,5,3,0,1,4,5,10
3030,3,38,7,5,1,6,0,1,34,0
3031,6,0,1,2,4,2,2,0,7,12
3032,9,0,5,2,0,17,28,0,16,0
3033,8,1,19,5,0,39,0,0,0,0
3034,10,9,0,1,6,1,8,2,18,9
3035,1,3,24,1,0,10,7,1,1,1
3036,3,9,4,1,24,6,2,0,4,0
3037,13,2,11,0,11,3,0,2,1,2
3038,2,2,2,16,1,2,0,36,3,74
3039,18,5,6,1,4,0,3,5,24,2
3040,5,0,20,28,2,0,3,2,2,0
3041,0,2,1,1,13,3,4,4,2,0
3042,10,1,1,0,4,3,0,0,4,11
3043,3,6,11,7,1,3,3,0,25,37
3044,31,0,1,3,10,3,2,2,1,7
3045,8,0,5,10,20,0,21,6,8,0
3046,1,1,1,16,44,2,2,4,0,0
3047,1,1,10,5,12,0,3,0,0,3
3048,1,48,6,1,10,3,1,4,0,0
3049,7,0,11,25,1,4,6,0,0,5
3050,9,3,5,5,22,38,0,0,0,0
3051,10,8,2,3,2,12,14,5,2,24
3052,0,0,3,4,0,0,1,0,6,1
3053,33,2,1,0,32,0,1,2,0,0
3054,16,0,15,1,20,18,8,0,0,0
3055,0,30,10,1,0,2,0,7,12,0
3056,16,12,0,0,4,1,29,1,37,0
3057,1,4,1,2,1,38,1,4,5,0
3058,2,22,0,3,31,0,17,0,0,0
3059,24,1,18,2,2,5,3,6,44,0
3060,1,6,1,0,48,0,13,1,8,0
3061,1,13,3,3,5,5,1,0,9,7
3062,8,5,14,0,4,5,8,46,0,0
3063,5,1,0,3,0,2,19,1,2,37
3064,4,22,6,3,2,1,0,5,6,14
3065,6,0,0,7,2,6,2,28,0,50
3066,25,3,5,2,7,1,10,2,35,0
3067,16,6,3,5,2,8,2,4,54,0
3068,2,10,1,5,0,9,19,11,6,3
3069,4,11,54,0,3,0,0,0,0,0
3070,13,4,29,4,7,3,0,0,13,0
3071,5,0,11,3,1,2,32,30,0,0
3072,31,1,5,3,13,7,4,1,0,1
3073,1,0,5,11,64,0,0,0,0,0
3074,1,13,30,2,1,3,1,0,27,0
3075,0,8,3,11,3,76,0,0,0,0
3076,6,0,2,2,6,1,11,0,7,1
3077,2,9,7,0,0,66,0,0,0,0
3078,0,10,0,0,0,1,3,1,5,5
3079,4,9,5,1,18,0,20,2,4,24
3080,85,0,0,0,0,0,0,0,0,0
3081,2,1,12,12,2,4,2,1,8,2
3082,15,19,3,8,1,0,0,0,0,8
3083,16,19,8,1,20,0,0,9,0,0
3084,0,0,17,1,2,12,3,45,0,0
3085,1,16,2,9,0,3,1,22,3,13
3086,11,7,1,2,0,3,1,0,2,1
3087,39,8,1,12,9,15,0,0,0,0
3088,1,0,18,6,0,1,9,1,17,4
3089,0,9,0,1,2,4,2,64,0,0
3090,10,1,0,4,5,0,2,11,13,0
3091,2,15,3,1,4,11,14,5,4,54
3092,39,9,5,10,8,0,0,0,0,0
3093,8,2,63,0,0,0,0,0,0,0
3094,14,4,1,3,0,36,41,0,0,0
3095,21,12,1,3,13,46,0,0,0,0
3096,10,8,8,0,1,1,8,31,11,0
3097,0,9,10,7,1,0,5,0,16,19
3098,0,6,0,6,22,0,3,2,0,25
3099,3,5,14,0,46,3,0,0,0,0
3100,7,1,5,0,0,70,0,0,0,0
3101,0,3,0,2,1,5,8,8,16,94
3102,2,0,1,11,0,3,8,8,1,0
3103,2,3,0,4,1,21,0,5,5,17
3104,43,5,1,2,0,13,1,8,0,0
3105,2,4,0,8,9,0,0,3,2,0
3106,18,9,19,1,7,1,0,1,131,0
3107,1,25,1,13,2,5,0,5,19,0
3108,5,33,2,0,13,10,0,20,0,0
3109,1,24,21,26,0,0,0,0,0,0
3110,5,12,15,0,4,0,14,3,5,24
3111,6,16,1,0,11,11,8,17,0,13
3112,10,17,0,5,1,0,16,0,22,0
3113,6,9,7,4,4,1,14,2,0,0
3114,19,1,1,3,9,1,0,3,11,9
3115,7,0,5,8,7,3,20,15,28,0
3116,27,0,2,18,1,0,1,12,14,0
3117,5,8,5,7,0,1,2,0,27,2
3118,0,0,0,2,2,21,2,1,2,0
3119,1,0,20,13,1,0,15,1,4,10
3120,7,7,1,6,12,4,0,3,11,0
3121,1,0,11,10,16,13,1,1,5,0
3122,18,3,5,27,0,12,2,1,21,0
3123,8,6,13,3,5,1,1,0,8,10
3124,0,2,4,0,5,0,4,3,0,5
3125,1,5,8,4,8,1,3,9,5,27
3126,0,5,0,8,16,4,11,2,4,9
3127,10,0,5,2,1,21,2,0,12,15
3128,1,3,3,13,13,2,19,16,6,0
3129,6,10,4,1,2,5,0,2,1,6
3130,4,35,2,1,8,54,0,0,0,0
3131,2,13,8,18,0,1,25,17,0,0
3132,3,2,4,0,0,0,1,3,1,11
3133,3,2,3,0,1,5,9,1,2,44
3134,28,0,0,0,6,1,0,0,7,13
3135,16,0,3,25,3,0,10,0,0,68
3136,1,3,0,0,1,6,1,2,0,6
3137,2,1,1,3,1,17,12,22,7,11
3138,2,2,8,4,0,1,1,2,0,15
3139,22,0,2,5,1,9,66,0,0,0
3140,10,0,6,5,3,1,1,0,4,0
3141,3,11,17,0,3,8,1,31,0,0
3142,21,3,15,9,1,6,16,0,0,0
3143,0,0,0,4,1,0,0,2,21,38
3144,4,15,29,4,16,46,0,0,0,0
3145,5,1,9,0,6,9,3,4,8,6
3146,0,3,1,5,3,2,0,0,11,9
3147,6,56,6,7,0,0,0,0,0,0
3148,0,0,8,8,0,1,2,2,39,1
3149,6,4,0,5,9,4,58,0,0,0
3150,0,2,3,0,1,1,2,7,2,4
3151,16,28,0,4,8,2,5,17,0,0
3152,1,6,0,0,10,0,8,67,0,0
3153,1,2,1,4,3,3,3,2,48,12
3154,0,5,4,0,0,15,9,2,1,0
3155,36,12,5,1,1,2,1,7,3,11
3156,7,1,1,11,21,28,9,0,0,0
3157,13,0,0,3,12,3,6,7,1,3
3158,4,0,2,7,4,7,2,1,7,6
3159,2,1,1,5,2,12,0,8,7,40
3160,1,4,6,2,9,3,3,3,1,3
3161,5,1,13,5,9,1,32,7,0,0
3162,6,5,5,1,9,1,26,33,0,0
3163,15,6,54,0,0,0,0,0,0,0
3164,5,2,0,4,1,6,3,1,8,0
3165,23,1,1,46,0,0,0,0,0,0
3166,0,1,58,2,0,0,0,0,10,0
3167,0,1,9,2,0,1,0,37,16,31
3168,4,1,0,5,1,1,7,2,1,0
3169,0,8,0,16,4,9,35,0,0,0
3170,7,7,2,2,1,58,0,0,0,0
3171,0,0,21,37,3,1,3,29,0,0
3172,3,14,0,1,0,1,1,3,5,2
3173,7,14,2,21,6,18,1,0,0,37
3174,3,13,32,3,1,8,4,2,34,0
3175,0,0,1,9,0,0,5,0,0,25
3176,3,4,10,6,7,0,60,0,0,0
3177,0,10,12,3,1,1,9,0,9,14
3178,0,14,7,14,32,26,0,0,0,0
3179,7,27,0,0,1,5,9,1,38,0
3180,24,1,16,0,5,36,0,0,0,0
3181,4,5,25,1,0,5,1,4,0,29
3182,0,2,14,2,19,5,0,2,23,13
3183,30,76,0,0,0,0,0,0,0,0
3184,42,2,10,9,0,11,0,0,0,0
3185,0,0,4,0,0,1,9,1,58,0
3186,5,3,1,14,1,1,9,5,1,0
3187,0,1,1,0,16,2,1,1,11,14
3188,2,5,3,13,24,2,28,0,0,0
3189,0,3,0,2,0,3,0,2,0,14
3190,7,30,3,4,6,30,0,0,0,0
3191,0,0,9,5,2,9,7,143,0,0
3192,0,13,11,10,6,12,5,20,0,0
3193,3,0,3,1,0,8,4,1,25,0
3194,0,0,1,6,7,2,1,7,5,57
3195,0,0,2,32,41,0,0,0,0,0
3196,1,1,31,13,2,1,1,15,5,107
3197,9,0,7,22,7,0,0,9,8,6
3198,3,1,2,0,72,0,0,0,0,0
3199,19,17,0,2,13,5,2,31,0,0
3200,10,0,1,17,6,0,0,10,4,0
3201,6,20,0,1,0,1,30,35,0,0
3202,1,1,15,2,2,16,2,1,2,2
3203,12,11,2,1,2,0,3,10,2,64
3204,47,8,2,0,0,2,12,0,0,0
3205,30,16,1,1,15,2,20,0,0,0
3206,2,0,20,0,6,9,1,24,4,17
3207,16,3,26,1,12,5,8,0,0,0
3208,2,33,11,15,0,0,10,0,0,0
3209,2,3,2,0,2,1,7,16,0,31
3210,0,3,21,2,9,0,1,71,0,0
3211,0,4,7,33,14,30,0,0,0,0
3212,9,5,0,36,0,1,7,1,7,17
3213,4,3,11,0,4,0,0,1,4,5
3214,2,20,4,5,1,1,55,0,0,0
3215,2,5,0,21,4,3,2,14,0,2
3216,0,7,5,3,16,10,57,0,0,0
3217,0,11,9,43,20,0,0,0,0,0
3218,1,12,2,6,8,1,22,30,0,0
3219,1,2,1,6,1,0,1,2,1,5
3220,12,1,3,0,2,0,19,60,0,0
3221,1,2,0,14,0,0,1,1,17,22
3222,1,49,16,1,9,0,0,0,0,0
3223,23,3,5,1,0,5,2,10,4,21
3224,12,12,37,18,0,0,0,0,0,0
3225,19,0,7,0,9,8,5,1,15,8
3226,1,2,0,5,4,1,0,24,2,5
3227,4,4,21,5,10,1,3,3,0,0
3228,10,5,2,0,1,0,4,9,4,1
3229,17,13,12,18,9,7,0,0,0,0
3230,2,5,4,4,1,13,20,24,0,0
3231,1,0,19,10,0,16,2,17,2,3
3232,5,2,0,1,9,6,19,0,29,0
3233,18,0,0,2,2,53,0,0,0,0
3234,2,0,8,8,24,3,7,8,9,4
3235,1,5,7,8,0,11,1,22,6,39
3236,1,45,8,16,2,0,0,0,0,0
3237,0,9,19,11,12,15,2,1,1,1
3238,6,1,14,0,19,3,10,15,1,0
3239,11,1,0,0,2,0,1,3,34,6
3240,11,0,10,3,2,19,0,31,0,0
3241,2,13,24,1,1,0,7,1,14,3
3242,3,4,29,22,3,3,26,0,0,0
3243,12,1,2,1,1,6,6,0,0,0
3244,1,3,0,0,15,0,1,11,3,0
3245,5,1,11,24,2,14,2,6,18,0
3246,0,9,22,0,0,4,1,17,32,0
3247,13,16,3,13,1,3,13,4,4,46
3248,2,0,5,5,17,2,7,0,14,5
3249,2,0,1,12,15,0,12,1,1,1
3250,4,70,0,0,0,0,0,0,0,0
3251,9,3,6,7,8,67,0,0,0,0
3252,15,2,2,11,1,4,17,0,7,7
3253,15,25,6,19,0,19,0,0,0,0
3254,7,1,1,1,30,3,0,2,17,8
3255,1,6,2,2,23,17,17,0,12,0
3256,14,9,0,0,1,10,5,1,22,43
3257,28,1,5,0,9,1,1,5,42,0
3258,0,22,9,1,1,8,9,2,1,4
3259,7,0,1,8,15,23,1,5,1,0
3260,23,13,0,2,12,3,1,1,1,1
3261,3,0,11,0,2,1,1,1,2,21
3262,4,21,4,5,0,11,11,5,33,0
3263,5,27,6,8,43,0,0,0,0,0
3264,8,1,4,2,8,3,1,11,0,1
3265,0,3,17,12,1,38,0,0,0,0
3266,27,2,6,0,8,15,3,0,7,29
3267,3,7,7,1,4,4,7,0,3,4
3268,5,8,4,0,14,8,1,9,1,1
3269,2,2,6,0,8,1,48,22,0,0
3270,4,14,9,18,0,12,19,0,0,0
3271,11,6,8,0,0,8,0,6,24,0
3272,2,0,0,14,1,0,57,0,0,0
3273,2,4,32,3,6,27,0,0,0,0
3274,1,18,7,2,3,3,44,0,0,0
3275,0,2,0,1,21,16,0,6,0,31
3276,3,3,27,5,4,5,3,0,7,0
3277,43,0,0,35,0,0,0,0,0,0
3278,5,32,17,4,1,0,7,9,0,0
3279,0,0,39,0,2,15,24,0,0,0
3280,9,3,2,11,1,1,3,14,4,0
3281,0,3,34,0,3,0,4,32,0,0
3282,1,3,9,4,15,10,23,4,23,0
3283,0,0,8,14,22,0,1,1,5,6
3284,2,24,13,0,2,24,3,12,0,0
3285,3,9,29,0,7,12,7,20,0,0
3286,61,8,6,0,0,0,0,0,0,0
3287,3,0,12,0,16,7,0,2,3,6
3288,3,5,60,3,0,0,0,0,0,0
3289,2,19,1,3,7,0,26,5,97,0
3290,1,0,0,0,1,18,0,11,1,23
3291,1,0,3,0,9,6,0,0,2,28
3292,0,1,1,0,17,0,1,0,15,0
3293,1,1,0,0,2,7,2,5,6,5
3294,1,3,2,9,31,0,15,1,5,0
3295,5,0,0,0,16,0,0,0,70,0
3296,22,1,1,1,0,4,1,1,3,7
3297,0,45,4,7,6,9,0,0,0,0
3298,9,20,7,1,1,3,4,1,4,0
3299,0,8,1,0,6,3,1,13,3,1
3300,3,12,5,1,3,5,0,17,0,15
3301,5,1,11,29,3,2,25,0,0,0
3302,42,0,7,32,0,0,0,0,0,0
3303,8,4,42,20,0,0,0,0,0,0
3304,5,3,25,0,1,3,12,15,0,21
3305,0,14,13,0,10,2,8,9,1,0
3306,0,17,19,1,2,4,11,1,10,3
3307,0,2,32,16,33,0,0,0,0,0
3308,2,0,5,9,1,30,6,17,9,0
3309,14,4,3,14,33,2,1,0,0,0
3310,9,21,14,1,4,10,1,3,3,1
3311,0,0,0,1,0,12,16,36,8,0
3312,0,1,1,9,16,8,0,0,1,0
3313,11,0,30,20,28,0,0,0,0,0
3314,9,1,13,13,0,4,7,31,0,0
3315,11,13,5,9,2,1,0,0,7,2
3316,0,8,1,2,4,2,7,3,10,4
3317,3,2,10,0,0,9,0,0,1,1
3318,0,0,10,5,8,6,0,19,35,0
3319,5,2,8,4,0,30,0,19,0,12
3320,20,3,15,16,10,1,2,36,0,0
3321,6,16,0,3,2,15,0,1,8,7
3322,28,1,9,11,0,0,8,24,0,0
3323,11,1,5,7,0,45,46,0,0,0
3324,4,14,7,20,2,1,0,0,0,0
3325,4,2,5,33,0,6,36,0,0,0
3326,5,7,10,9,7,6,1,1,22,0
3327,1,6,28,9,4,0,0,0,14,12
3328,9,15,7,15,14,2,0,6,13,0
3329,9,0,14,8,5,1,0,0,0,5
3330,0,5,11,2,1,0,14,7,9,14
3331,1,1,0,6,2,0,25,0,0,70
3332,2,13,3,6,8,16,29,0,0,0
3333,12,2,10,0,21,1,31,0,0,0
3334,7,3,35,32,0,0,0,0,0,0
3335,0,13,5,10,1,49,0,0,0,0
3336,13,7,23,1,18,4,4,12,0,0
3337,0,11,6,9,20,0,21,1,14,0
3338,1,0,0,28,17,0,30,0,0,0
3339,43,0,11,2,0,0,5,4,5,12
3340,21,5,1,1,12,9,43,0,0,0
3341,1,0,34,12,0,0,1,3,5,2
3342,0,6,0,0,22,4,0,3,7,16
3343,0,9,8,1,10,18,8,5,0,3
3344,1,0,5,8,0,3,10,1,0,18
3345,0,14,7,27,0,6,2,1,24,0
3346,5,6,16,0,1,4,10,0,0,35
3347,1,10,4,0,2,8,9,2,5,2
3348,10,0,0,1,19,1,1,1,2,4
3349,0,11,20,3,0,43,0,0,0,0
3350,9,1,0,9,11,0,2,1,3,4
3351,6,17,6,40,2,0,0,0,0,0
3352,0,14,2,3,13,2,1,2,6,8
3353,33,0,4,2,7,0,0,0,35,0
3354,6,17,1,14,3,1,13,19,0,0
3355,7,8,0,3,2,5,3,11,0,1
3356,0,0,0,11,5,29,1,0,8,31
3357,2,41,1,0,13,5,2,4,5,0
3358,11,5,5,11,12,2,0,2,27,0
3359,5,2,7,13,1,9,18,2,53,0
3360,4,2,8,8,8,26,0,28,0,0
3361,1,3,3,6,0,12,4,5,2,10
3362,2,1,0,15,8,2,0,1,9,12
3363,0,2,9,39,10,9,5,0,0,0
3364,5,48,36,0,0,0,0,0,0,0
3365,1,0,10,3,16,5,9,11,20,0
3366,8,17,0,2,4,0,8,5,6,20
3367,11,22,12,5,1,6,15,0,0,0
3368,2,2,6,0,0,5,13,1,6,2
3369,33,1,33,7,0,0,0,0,0,0
3370,3,12,9,47,0,0,0,0,0,0
3371,0,1,1,1,3,18,6,1,1,12
3372,14,1,1,0,6,5,10,15,6,0
3373,11,4,19,9,12,5,11,0,0,0
3374,15,21,14,6,1,18,0,0,0,0
3375,0,19,0,28,6,6,2,5,1,23
3376,1,19,4,2,0,41,7,0,0,0
3377,5,9,2,1,1,8,33,14,0,0
3378,7,1,46,0,7,0,14,0,0,0
3379,7,1,2,11,0,1,5,3,1,7
3380,0,5,0,4,6,0,0,3,0,9
3381,6,3,2,1,11,5,8,0,4,111
3382,1,20,1,1,8,1,10,21,1,7
